latitude,longitude,area_code
-43.47002,172.57088,316700
-43.5327,172.66403,327902
-43.51149,172.6254,322200
-43.482864,172.66866,321302
-43.538436,172.578953,322700
-43.51108,172.62388,322200
-43.52902,172.61073,325200
-43.56228,172.71287,332000
-43.55884,172.55375,322900
-43.56468,172.71098,332000
-43.51834,172.64952,325302
-43.53282,172.62732,324900
-43.52957,172.64322,327000
-43.550027,172.639224,329400
-43.53976,172.66472,328900
-43.5286,172.56931,321800
-43.46646,172.58437,317000
-43.537838,172.638454,327100
-43.55155,172.605308,326900
-43.526425,172.639876,325800
-43.53567,172.64824,327100
-43.48859,172.5735,318000
-43.475614,172.611537,318800
-43.538441,172.578975,322700
-43.536096,172.63505,326600
-43.516116,172.575616,320200
-43.510756,172.600592,320800
-43.50663,172.62798,322200
-43.50327,172.60955,321400
-43.53351,172.59492,323300
-43.536179,172.635303,326600
-43.538621,172.63251,327100
-43.532223,172.648348,327100
-43.50552,172.63663,322100
-43.47124,172.56978,316700
-43.53664,172.597786,324400
-43.52097,172.62118,323000
-43.507676,172.642992,323100
-43.49714,172.598532,320100
-43.520056,172.554531,319700
-43.5387,172.63078,327100
-43.527427,172.638778,326600
-43.57198,172.763518,332700
-43.78565,172.80874,333100
-43.52746,172.73739,331700
-43.527826,172.736001,331700
-43.52975,172.63986,327000
-43.533366,172.601666,324400
-43.53203,172.6109,325200
-43.5509,172.59809,325000
-43.52941,172.61097,325200
-43.80856,172.96179,333400
-43.50081,172.58361,319200
-43.537517,172.625023,327100
-43.80918,172.96382,333500
-43.80858,172.96316,333500
-43.52852,172.64558,327000
-43.80961,172.96153,333500
-43.80836,172.96205,333400
-43.77063,172.90677,333300
-43.81012,172.90813,333300
-43.61521,172.81537,332601
-43.521306,172.639295,325800
-43.55911,172.61294,328200
-43.50015,172.58851,319900
-43.526814,172.639786,325800
-43.520465,172.629525,323900
-43.52903,172.64107,327000
-43.554141,172.463531,318100
-43.533608,172.648402,327100
-43.516971,172.625389,323900
-43.52665,172.64123,325800
-43.49734,172.60466,320100
-43.57967,172.61018,330000
-43.53329,172.60228,324400
-43.49873,172.63975,321701
-43.49815,172.65054,323100
-43.582214,172.566746,328001
-43.52988,172.58196,321800
-43.594867,172.566391,329001
-43.52365,172.62835,325700
-43.56367,172.66984,331400
-43.5317,172.6377,326600
-43.51924,172.64817,325302
-43.548085,172.619956,327600
-43.514374,172.620331,323000
-43.55464,172.64506,329700
-43.568466,172.542489,324300
-43.49195,172.60426,320000
-43.51701,172.68864,328400
-43.509474,172.654652,325900
-43.54822,172.6086,326900
-43.530661,172.638537,326600
-43.50254,172.58647,319900
-43.50388,172.65784,323400
-43.53371,172.641446,327000
-43.52764,172.60326,323200
-43.5328,172.608477,324200
-43.60281,172.68887,332501
-43.51391,172.65364,325900
-43.73922,172.79493,333100
-43.52554,172.60476,323200
-43.49812,172.56609,318300
-43.528907,172.646153,327000
-43.5709,172.64482,331200
-43.5371,172.64892,327100
-43.503579,172.729467,330200
-43.531078,172.647063,327000
-43.50995,172.7318,330200
-43.52488,172.6396,325800
-43.503886,172.728598,330200
-43.525611,172.635649,325700
-43.526913,172.659725,327902
-43.53133,172.63846,326600
-43.56457,172.712816,332000
-43.509217,172.730867,330200
-43.572011,172.763598,332700
-43.52693,172.63807,326600
-43.52591,172.56176,320700
-43.594756,172.565681,329001
-43.574071,172.751136,332400
-43.560467,172.543016,322900
-43.50961,172.7303,330200
-43.637996,172.714101,332901
-43.558032,172.716052,332000
-43.562293,172.617894,329200
-43.631885,172.725165,332901
-43.57629,172.647272,331300
-43.528507,172.648007,327000
-43.76174,172.8075,333100
-43.601728,172.691516,332501
-43.54659,172.630358,327400
-43.63564,172.72036,332901
-43.508761,172.731255,330200
-43.52278,172.63464,325800
-43.56204,172.61723,329200
-43.559364,172.646354,330600
-43.53418,172.56,321000
-43.63709,172.72243,332901
-43.57425,172.77059,332700
-43.503625,172.72933,330200
-43.573919,172.653007,331200
-43.49992,172.72795,330200
-43.53618,172.55261,321000
-43.573471,172.770563,332700
-43.56535,172.71674,332000
-43.629079,172.720488,332901
-43.523986,172.642509,325800
-43.66836,172.82038,333201
-43.530663,172.63855,326600
-43.52324,172.64047,325800
-43.574048,172.745711,332400
-43.56971,172.65324,331200
-43.67916,172.65324,332801
-43.60364,172.6954,332501
-43.519106,172.649744,325302
-43.55588,172.75165,331700
-43.5325,172.64289,327100
-43.563885,172.599944,327700
-43.60306,172.71689,332501
-43.781,172.78958,333100
-43.484929,172.674629,321302
-43.554237,172.651471,330800
-43.53077,172.6586,327902
-43.53802,172.74123,331700
-43.53459,172.53118,320400
-43.508764,172.731242,330200
-43.53606,172.60521,324400
-43.555366,172.717298,332301
-43.56962,172.77383,363800
-43.52381,172.68875,329300
-43.601407,172.715124,332501
-43.78569,172.80933,333100
-43.55413,172.6442,329700
-43.55307,172.64637,329400
-43.525156,172.647099,327000
-43.555537,172.529802,321102
-43.53134,172.58614,322700
-43.63553,172.7195,332901
-43.60421,172.69076,332501
-43.530591,172.587573,322400
-43.528195,172.643826,327000
-43.52925,172.58825,322400
-43.524691,172.635667,325700
-43.599133,172.724884,332501
-43.646616,172.712066,332801
-43.56323,172.709697,332000
-43.57302,172.7554,332400
-43.5328,172.65959,327902
-43.5534,172.6747,331000
-43.53492,172.67684,329300
-43.561584,172.677268,331500
-43.52952,172.6405,327000
-43.55715,172.71926,332000
-43.54699,172.62815,327400
-43.56417,172.72126,332000
-43.53644,172.58957,323300
-43.56069,172.54278,322900
-43.527498,172.63913,326600
-43.54958,172.64856,329900
-43.62862,172.71837,332901
-43.530904,172.64179,327000
-43.57918,172.760553,332700
-43.597603,172.714798,332501
-43.526277,172.736798,331700
-43.527286,172.639144,326600
-43.56973,172.73972,332400
-43.521741,172.523924,316600
-43.76385,172.79345,333100
-43.57766,172.77481,332700
-43.559479,172.719571,332000
-43.567792,172.75772,332700
-43.547892,172.746213,331700
-43.59488,172.72152,332501
-43.5212,172.54791,319700
-43.62864,172.74165,332901
-43.560123,172.717664,332000
-43.55034,172.748584,331700
-43.52962,172.64002,327000
-43.576486,172.76215,332700
-43.580038,172.757462,332700
-43.62634,172.73666,332901
-43.57317,172.76869,332700
-43.531036,172.643734,327000
-43.531144,172.64597,327000
-43.54265,172.51748,320300
-43.529709,172.638674,326600
-43.527931,172.639258,326600
-43.529553,172.644681,327000
-43.53336,172.64166,327000
-43.52998,172.63736,326600
-43.5263,172.64008,325800
-43.52034,172.54638,319700
-43.57615,172.56291,326301
-43.47165,172.57018,317000
-43.49705,172.582,319000
-43.525214,172.636815,325800
-43.620544,172.645966,332200
-43.53722,172.66202,328900
-43.526115,172.639696,325800
-43.52128,172.52786,318700
-43.503668,172.729149,330200
-43.534286,172.65818,328900
-43.52402,172.63867,325800
-43.54838,172.52896,321102
-43.50951,172.56882,320200
-43.556602,172.558922,324100
-43.57887,172.56231,326301
-43.50393,172.56775,318300
-43.525483,172.640062,325800
-43.50211,172.55357,318501
-43.54128,172.61343,326400
-43.54752,172.60803,326100
-43.53367,172.64242,327000
-43.470211,172.56905,316700
-43.54003,172.6181,326400
-43.53846,172.58483,323500
-43.528899,172.66229,327902
-43.532192,172.601001,324400
-43.51809,172.552326,319500
-43.49583,172.56887,318300
-43.527389,172.663098,327902
-43.45439,172.61766,316900
-43.4694,172.57005,316700
-43.52686,172.52336,316600
-43.51303,172.55987,319500
-43.504131,172.567841,318300
-43.46165,172.61642,317400
-43.5304,172.60599,324400
-43.54781,172.55768,322500
-43.511427,172.607326,321400
-43.49462,172.61185,320900
-43.53681,172.64223,327100
-43.50472,172.5735,319200
-43.51865,172.63628,324800
-43.508877,172.65132,325301
-43.533598,172.649927,327100
-43.51581,172.56005,319500
-43.53267,172.59539,323300
-43.50411,172.56882,318300
-43.56838,172.64721,331200
-43.535504,172.635433,326600
-43.5218,172.61905,323000
-43.50111,172.71649,328300
-43.52061,172.64188,324800
-43.52477,172.64196,325800
-43.81034,172.96057,333400
-43.54164,172.66321,328900
-43.56306,172.65976,330800
-43.49878,172.55842,317501
-43.473783,172.627196,318600
-43.47125,172.56996,316700
-43.50495,172.59783,320800
-43.560475,172.626777,329100
-43.51558,172.5602,319500
-43.54535,172.61364,326100
-43.5449,172.60915,326100
-43.571583,172.542441,324501
-43.501825,172.62524,322100
-43.554732,172.609541,326900
-43.57766,172.64594,331300
-43.512963,172.625209,323900
-43.51546,172.56562,320200
-43.52847,172.61118,323200
-43.53311,172.59968,324400
-43.581596,172.559384,324502
-43.54946,172.672288,330500
-43.555157,172.607063,326900
-43.525972,172.630805,325700
-43.537756,172.601711,325500
-43.513057,172.647901,325301
-43.574373,172.546838,324501
-43.53711,172.582941,322700
-43.537061,172.638427,327100
-43.52826,172.61255,324900
-43.55486,172.61644,327600
-43.574977,172.564009,326301
-43.5131,172.55123,318901
-43.494195,172.591999,320100
-43.482814,172.616094,318800
-43.56124,172.71569,332000
-43.5298,172.58123,321800
-43.54212,172.61178,326400
-43.51624,172.55905,319500
-43.524764,172.528878,318700
-43.55834,172.72957,332100
-43.46835,172.59309,317600
-43.521706,172.62189,323000
-43.52903,172.66293,327902
-43.51954,172.63792,324800
-43.55147,172.55779,322500
-43.56172,172.556984,324700
-43.53053,172.6486,327000
-43.57764,172.64637,331300
-43.527008,172.632593,325700
-43.53486,172.5524,321000
-43.5192,172.53775,317701
-43.53241,172.57079,322000
-43.553099,172.525665,321102
-43.55401,172.56075,324100
-43.53318,172.51572,319300
-43.55997,172.54775,322900
-43.52105,172.62268,323000
-43.50909,172.65481,325900
-43.47104,172.56987,316700
-43.52969,172.57827,321800
-43.532175,172.64781,327100
-43.5332,172.65922,328900
-43.5268,172.55594,319700
-43.507846,172.591793,320800
-43.535373,172.58443,322700
-43.56363,172.71061,332000
-43.50541,172.63837,322100
-43.489498,172.614893,320501
-43.532184,172.640122,327000
-43.543875,172.527439,320400
-43.53097,172.60448,324400
-43.529878,172.594236,322400
-43.537372,172.625299,327100
-43.587405,172.60285,330000
-43.602696,172.721094,332501
-43.603159,172.689541,332501
-43.54965,172.63025,328700
-43.551861,172.618469,327600
-43.583823,172.774905,332700
-43.57061,172.6544,331200
-43.52776,172.61058,323200
-43.552852,172.598501,326900
-43.478189,172.624825,319600
-43.477118,172.624618,319600
-43.50798,172.64693,323100
-43.526185,172.631261,325700
-43.553854,172.544972,322800
-43.441754,172.635239,317301
-43.523804,172.630768,325700
-43.526296,172.671171,328500
-43.534974,172.657944,328900
-43.517116,172.64069,324800
-43.53855,172.578916,322700
-43.53118,172.64459,327000
-43.53028,172.59397,323300
-43.54204,172.66945,330100
-43.532956,172.640015,327000
-43.51354,172.57738,320600
-43.48234,172.58511,317800
-43.531337,172.641092,327000
-43.52857,172.63187,325700
-43.5152,172.60174,321500
-43.51148,172.59658,320800
-43.509918,172.641728,323800
-43.52006,172.64915,325302
-43.5178,172.6268,323900
-43.53235,172.64006,327000
-43.567549,172.665371,331600
-43.532216,172.629874,325700
-43.523523,172.653147,326800
-43.536104,172.635668,326600
-43.48956,172.614796,320501
-43.49304,172.59236,320100
-43.51763,172.57473,320700
-43.51498,172.616,323000
-43.561508,172.6138,328200
-43.586773,172.608792,330000
-43.453406,172.619488,316900
-43.51846,172.70659,329800
-43.4785,172.60249,317900
-43.55635,172.63504,329100
-43.531139,172.610122,325200
-43.512773,172.62478,323900
-43.53001,172.73733,331700
-43.570116,172.580524,327301
-43.530929,172.593157,323300
-43.549081,172.593072,325000
-43.520586,172.649638,325302
-43.516087,172.623591,323000
-43.51284,172.63723,323800
-43.45138,172.62817,316900
-43.47668,172.623739,319600
-43.524588,172.653476,326800
-43.48418,172.72136,326000
-43.51725,172.61913,323000
-43.51167,172.6359,323800
-43.53731,172.6694,328900
-43.5183,172.68871,328400
-43.535204,172.584906,322700
-43.521634,172.634351,325800
-43.547737,172.746651,331700
-43.7817,172.79195,333100
-43.512532,172.560913,319500
-43.4713,172.62645,318600
-43.529837,172.611582,325200
-43.649963,172.756702,333201
-43.509601,172.731309,330200
-43.53338,172.63479,326600
-43.52334,172.63227,325800
-43.529858,172.596909,322400
-43.533471,172.65796,328900
-43.53161,172.649075,327000
-43.52648,172.65215,327901
-43.516352,172.632315,323900
-43.518745,172.645348,325302
-43.575276,172.633781,331300
-43.50961,172.65552,325900
-43.533833,172.648882,327100
-43.525011,172.595448,322400
-43.53259,172.65021,327100
-43.50551,172.57202,319200
-43.527821,172.65003,327000
-43.533006,172.640223,327000
-43.52573,172.63491,325700
-43.5314,172.6445,327000
-43.540307,172.634143,328100
-43.53795,172.63064,327100
-43.51206,172.6263,323900
-43.51529,172.6163,323000
-43.509302,172.651334,325301
-43.58137,172.77607,363800
-43.53803,172.57023,323500
-43.520549,172.629938,323900
-43.561867,172.618062,329200
-43.519289,172.648434,325302
-43.51076,172.63743,323800
-43.515195,172.614262,323000
-43.52277,172.62693,325700
-43.534482,172.649164,327100
-43.50994,172.73076,330200
-43.5366,172.56998,322000
-43.526513,172.639198,325800
-43.47103,172.57169,316700
-43.51289,172.56588,320200
-43.5015,172.58418,319200
-43.47611,172.62025,319600
-43.626276,172.739567,332901
-43.54863,172.58696,325000
-43.56847,172.74462,332400
-43.523774,172.63968,325800
-43.537179,172.647809,327100
-43.536453,172.64849,327100
-43.53066,172.64841,327000
-43.53406,172.65034,327100
-43.535838,172.649733,327100
-43.47059,172.57067,316700
-43.578626,172.561421,326301
-43.538494,172.631399,327100
-43.56867,172.64398,330600
-43.568103,172.591398,327700
-43.520534,172.622073,323000
-43.51589,172.64376,325302
-43.543207,172.60934,326100
-43.49107,172.63497,321701
-43.51501,172.66116,325900
-43.54272,172.6141,326100
-43.505194,172.6019,321400
-43.56331,172.63225,329100
-43.53199,172.64397,327000
-43.53533,172.639676,326600
-43.544,172.63626,328100
-43.53377,172.63819,326600
-43.57855,172.62232,330300
-43.623,172.65007,332200
-43.58063,172.63356,331300
-43.53901,172.63031,327100
-43.5514,172.616,327600
-43.52848,172.6017,323200
-43.561659,172.737584,332100
-43.54026,172.61786,326400
-43.52633,172.648381,327000
-43.554324,172.586242,325000
-43.55957,172.6702,331400
-43.533712,172.64908,327100
-43.51774,172.64286,325302
-43.53107,172.64991,327000
-43.548,172.7459,331700
-43.51338,172.60516,321400
-43.51904,172.64306,325302
-43.524634,172.635481,325700
-43.50575,172.62716,322200
-43.517228,172.639358,324800
-43.76857,172.79229,333100
-43.542545,172.612648,326400
-43.55609,172.64138,329700
-43.50357,172.63884,323100
-43.53007,172.6302,325700
-43.51583,172.63976,324800
-43.513879,172.655059,325900
-43.46329,172.6187,317400
-43.55178,172.63382,328700
-43.5339,172.74123,331700
-43.53805,172.63205,327100
-43.525832,172.63094,325700
-43.52217,172.6269,325700
-43.55133,172.636537,328700
-43.51647,172.55342,319500
-43.532187,172.629855,325700
-43.54376,172.62687,327400
-43.551346,172.648756,329900
-43.52051,172.64185,324800
-43.515331,172.61499,323000
-43.538,172.63939,327100
-43.58259,172.63994,331300
-43.58538,172.63654,331600
-43.51782,172.57334,320700
-43.482305,172.617604,319600
-43.57538,172.6525,331200
-43.622516,172.646414,332200
-43.6111,172.65514,331600
-43.57971,172.6377,331300
-43.53239,172.64928,327100
-43.58516,172.63594,330300
-43.621095,172.650224,332200
-43.57614,172.63275,331300
-43.526336,172.641196,325800
-43.53313,172.63959,326600
-43.5116,172.61784,323000
-43.471008,172.570089,316700
-43.47127,172.56978,316700
-43.532206,172.64943,327100
-43.51444,172.5611,319500
-43.509636,172.594618,320800
-43.545449,172.660867,329600
-43.56838,172.62958,330300
-43.522734,172.62996,325700
-43.515904,172.623923,323000
-43.520267,172.626251,323000
-43.52895,172.63076,325700
-43.578109,172.630626,331300
-43.78643,172.81997,333100
-43.52152,172.64353,325800
-43.55471,172.62898,329100
-43.518984,172.642299,324800
-43.55595,172.64309,329700
-43.56649,172.63054,329100
-43.62601,172.72021,332901
-43.558073,172.731753,332100
-43.53555,172.63593,326600
-43.53345,172.63942,326600
-43.53484,172.63962,326600
-43.53219,172.62984,325700
-43.52232,172.6295,325700
-43.52717,172.61091,323200
-43.53403,172.63958,326600
-43.53328,172.63999,327000
-43.52242,172.65902,326800
-43.620578,172.643491,332200
-43.7475,172.82748,333100
-43.581102,172.639835,331300
-43.523912,172.59669,322400
-43.49008,172.61445,320501
-43.5769,172.77391,332700
-43.53034,172.65507,327901
-43.533793,172.638436,326600
-43.525266,172.645766,327000
-43.526427,172.646713,327000
-43.53136,172.60573,324400
-43.531476,172.643305,327000
-43.517658,172.625539,323000
-43.561576,172.63505,329100
-43.48955,172.54792,316700
-43.49712,172.57063,318300
-43.51062,172.61792,323000
-43.536196,172.58539,322700
-43.57946,172.76543,332700
-43.501619,172.433375,316600
-43.517609,172.625528,323000
-43.7876,172.81902,333100
-43.526744,172.648408,327000
-43.57474,172.63415,331300
-43.57696,172.6309,331300
-43.552663,172.642893,329700
-43.562346,172.624561,329200
-43.55936,172.63056,329100
-43.51265,172.63297,323800
-43.54698,172.62698,327400
-43.547751,172.628867,328700
-43.529178,172.629465,325700
-43.54335,172.61565,326100
-43.53118,172.644588,327000
-43.57435,172.63341,331300
-43.55132,172.64867,329900
-43.53001,172.63001,325700
-43.56436,172.63044,329100
-43.55739,172.66933,331400
-43.52113,172.63264,325800
-43.507449,172.636397,323800
-43.47061,172.57066,316700
-43.548514,172.640642,329400
-43.528522,172.611322,323200
-43.532136,172.647827,327100
-43.52799,172.64852,327000
-43.48298,172.58626,317800
-43.49945,172.60139,320100
-43.50368,172.63584,322100
-43.535599,172.631714,326600
-43.48889,172.54921,316700
-43.493106,172.582291,318000
-43.62999,172.73077,332901
-43.5709,172.63623,331300
-43.516781,172.624242,323000
-43.497463,172.56535,318300
-43.51944,172.56245,319500
-43.58842,172.60675,330000
-43.60044,172.70703,332501
-43.525737,172.630323,325700
-43.52086,172.5255,316600
-43.46084,172.66631,321301
-43.48965,172.5829,318000
-43.53469,172.63809,326600
-43.537934,172.638452,327100
-43.534209,172.641279,327000
-43.523644,172.631053,325700
-43.527072,172.646501,327000
-43.53413,172.6304,325700
-43.53709,172.624901,327100
-43.51423,172.60978,322600
-43.490021,172.594248,319400
-43.542037,172.612258,326400
-43.539155,172.635626,327100
-43.54884,172.59496,325000
-43.51838,172.64728,325302
-43.47734,172.6912,321600
-43.534391,172.58646,322700
-43.520508,172.641846,324800
-43.51843,172.5823,320200
-43.537029,172.63853,327100
-43.440617,172.633944,316900
-43.511331,172.666364,326500
-43.53545,172.635391,326600
-43.53738,172.64048,327100
-43.535765,172.637674,326600
-43.531601,172.648808,327000
-43.51191,172.577,320600
-43.83113,172.94567,333300
-43.53638,172.58518,322700
-43.58731,172.60726,330000
-43.529059,172.586577,321800
-43.51679,172.65761,325900
-43.536685,172.640706,327100
-43.537503,172.647104,327100
-43.539267,172.634955,327100
-43.621178,172.64888,332200
-43.51529,172.61479,323000
-43.534032,172.642502,327000
-43.537598,172.640797,327100
-43.79892,172.96755,333300
-43.538579,172.64144,327100
-43.536922,172.642817,327100
-43.536803,172.639901,327100
-43.546379,172.646439,328100
-43.52231,172.63261,325800
-43.524851,172.636,325700
-43.57383,172.63483,331300
-43.538423,172.637797,327100
-43.57141,172.54318,324501
-43.534779,172.660609,328900
-43.57355,172.71798,331900
-43.5485,172.67262,330500
-43.527469,172.639466,326600
-43.51215,172.6316,323900
-43.534197,172.650627,328800
-43.531194,172.648144,327000
-43.53407,172.64206,327000
-43.4962,172.65997,323400
-43.56019,172.66271,330900
-43.528156,172.656694,327901
-43.80945,172.96405,333500
-43.46805,172.57649,316700
-43.50495,172.59409,320800
-43.52249,172.63434,325800
-43.581239,172.599978,330000
-43.51986,172.63062,323900
-43.452883,172.61321,317400
-43.52178,172.53565,318700
-43.52053,172.62992,323900
-43.54169,172.65727,329600
-43.54193,172.61216,326400
-43.532066,172.649966,327100
-43.80903,172.96288,333500
-43.514448,172.626331,323900
-43.54193,172.65695,329600
-43.485,172.61692,320501
-43.52921,172.64912,327000
-43.537857,172.638475,327100
-43.537576,172.647224,327100
-43.499231,172.645412,323100
-43.4754,172.70761,325100
-43.52938,172.65528,327901
-43.67692,172.8806,333201
-43.563651,172.734113,332100
-43.520929,172.622488,323000
-43.543482,172.60784,326100
-43.49479,172.61027,320900
-43.55109,172.63888,329700
-43.522692,172.64309,325800
-43.52888,172.659913,327902
-43.578503,172.645975,331300
-43.54373,172.63638,328100
-43.808899,172.962997,333500
-43.54901,172.60672,326900
-43.515755,172.637998,324800
-43.525481,172.64219,325800
-43.57262,172.74677,332400
-43.53154,172.6469,327000
-43.542214,172.659959,329600
-43.532106,172.659294,327902
-43.56923,172.63571,331300
-43.53,172.63007,325700
-43.53221,172.62985,325700
-43.537571,172.659427,328900
-43.5587,172.58159,325000
-43.513756,172.644569,325302
-43.519556,172.65945,326800
-43.626442,172.647534,332200
-43.45139,172.61819,316900
-43.523554,172.653133,326800
-43.80233,172.97131,333500
-43.53009,172.63005,325700
-43.510505,172.607248,321400
-43.509504,172.605261,321400
-43.53097,172.65602,327901
-43.53192,172.56866,321000
-43.52999,172.63034,325700
-43.53184,172.65058,327901
-43.57988,172.62808,330300
-43.79316,172.96854,333300
-43.536064,172.648572,327100
-43.518626,172.625037,323000
-43.572243,172.75946,332700
-43.53248,172.64157,327000
-43.81208,172.89129,333300
-43.53806,172.65836,328900
-43.529772,172.611301,325200
-43.51815,172.61169,322600
-43.62026,172.64912,332200
-43.54853,172.66452,330500
-43.51567,172.64604,325302
-43.50971,172.65454,325900
-43.563921,172.669146,331400
-43.524266,172.641926,325800
-43.563657,172.640389,330600
-43.52712,172.67834,328500
-43.54111,172.61587,326400
-43.531223,172.609801,325200
-43.531563,172.649183,327000
-43.534873,172.602126,324400
-43.514041,172.643153,325302
-43.486493,172.58529,317800
-43.562821,172.6257,329100
-43.54321,172.68812,331100
-43.53614,172.63934,326600
-43.52047,172.65235,326800
-43.542537,172.61214,326400
-43.5075,172.62565,322200
-43.50854,172.63388,323800
-43.57043,172.71805,332000
-43.54597,172.62879,327400
-43.52782,172.650122,327000
-43.543579,172.615433,326100
-43.537539,172.625207,327100
-43.53764,172.64816,327100
-43.482157,172.617482,319600
-43.53218,172.62987,325700
-43.53251,172.62714,324900
-43.53557,172.66025,328900
-43.544708,172.60907,326100
-43.51234,172.6256,323900
-43.481416,172.673153,321302
-43.53145,172.62802,325700
-43.53071,172.62882,325700
-43.606425,172.681156,332501
-43.538069,172.648536,327100
-43.476166,172.584646,317000
-43.54258,172.63575,328100
-43.53661,172.63883,327100
-43.535478,172.635144,326600
-43.537229,172.641056,327100
-43.5733,172.765828,332700
-43.51312,172.61856,323000
-43.545124,172.637206,328100
-43.532205,172.629823,325700
-43.53218,172.62986,325700
-43.537251,172.647712,327100
-43.529036,172.655399,327901
-43.50298,172.5856,319900
-43.528497,172.611707,323200
-43.557898,172.589456,326701
-43.53545,172.63539,326600
-43.526097,172.640855,325800
-43.52934,172.65521,327901
-43.53148,172.64991,327000
-43.52579,172.64802,327000
-43.55439,172.60052,326900
-43.536236,172.648286,327100
-43.52574,172.63574,325700
-43.542046,172.612108,326400
-43.53344,172.65043,327100
-43.53824,172.635483,327100
-43.533576,172.649589,327100
-43.536154,172.585189,322700
-43.539097,172.635406,327100
-43.52148,172.63849,325800
-43.524732,172.635599,325700
-43.531875,172.641465,327000
-43.56745,172.65242,331200
-43.532391,172.642497,327000
-43.50883,172.5769,320600
-43.53333,172.63831,326600
-43.795939,172.918495,333300
-43.78621,172.94895,333300
-43.81713,172.95164,333300
-43.487608,172.573357,318000
-43.79912,172.97038,333500
-43.78376,172.97608,333300
-43.5316,172.649083,327000
-43.54127,172.66309,328900
-43.52014,172.64573,325302
-43.48856,172.59396,317800
-43.52517,172.6357,325700
-43.5567,172.6686,331400
-43.52322,172.64187,325800
-43.537565,172.583272,322700
-43.549412,172.533824,321101
-43.5306,172.64324,327000
-43.527809,172.649085,327000
-43.617753,172.644428,332200
-43.51233,172.59935,321500
-43.517762,172.624437,323000
-43.5702,172.75039,332400
-43.50162,172.57375,319200
-43.503338,172.616898,322200
-43.538397,172.647051,327100
-43.53235,172.64914,327100
-43.55121,172.747767,331700
-43.53482,172.6379,326600
-43.54071,172.61797,326400
-43.55458,172.74947,331700
-43.61911,172.64747,332200
-43.618202,172.656857,332200
-43.515769,172.654999,325900
-43.532168,172.642246,327000
-43.526255,172.640602,325800
-43.62736,172.72487,332901
-43.60411,172.69502,332501
-43.52169,172.50432,316600
-43.524777,172.637731,325800
-43.59343,172.57316,329002
-43.57221,172.754815,332400
-43.576106,172.775035,332700
-43.76331,172.80575,333100
-43.589857,172.57148,328001
-43.47612,172.59181,317900
-43.530041,172.643463,327000
-43.502488,172.657039,323400
-43.51556,172.62535,323900
-43.52812,172.639382,326600
-43.56091,172.56994,325400
-43.5928,172.5476,324502
-43.53279,172.56659,322000
-43.590881,172.566926,328001
-43.604721,172.689829,332501
-43.77256,172.78811,333100
-43.567494,172.757389,332700
-43.63563,172.72137,332901
-43.53055,172.63852,326600
-43.52744,172.60488,323200
-43.503656,172.729198,330200
-43.56044,172.55462,322900
-43.53115,172.63809,326600
-43.478002,172.675073,321302
-43.572926,172.756247,332400
-43.53884,172.5701,323500
-43.533722,172.642065,327000
-43.52385,172.63662,325800
-43.526139,172.6386,325800
-43.529607,172.642368,327000
-43.48343,172.56115,317000
-43.53162,172.63783,326600
-43.481604,172.616347,318800
-43.57279,172.764571,332700
-43.57336,172.76037,332700
-43.56989,172.75997,332700
-43.559242,172.723566,332000
-43.58516,172.7527,332700
-43.76576,172.79105,333100
-43.555127,172.528166,321102
-43.508194,172.476162,316600
-43.55353,172.563086,324100
-43.49157,172.5692,317501
-43.51146,172.56463,320200
-43.522949,172.636911,325800
-43.52768,172.64505,327000
-43.532203,172.639927,327000
-43.531383,172.643524,327000
-43.53234,172.642418,327000
-43.80896,172.96283,333500
-43.53198,172.66438,327902
-43.579746,172.714716,331900
-43.808277,172.960096,333400
-43.531208,172.647051,327000
-43.5096,172.7309,330200
-43.52388,172.64084,325800
-43.52346,172.64251,325800
-43.529572,172.644922,327000
-43.49595,172.58688,319000
-43.5238,172.52493,316600
-43.53021,172.64088,327000
-43.53078,172.641038,327000
-43.532133,172.647597,327100
-43.52536,172.64226,325800
-43.529826,172.640528,327000
-43.55828,172.73674,332100
-43.52952,172.63951,326600
-43.53378,172.64217,327000
-43.53226,172.65036,327100
-43.47928,172.58117,317800
-43.57158,172.76466,332700
-43.529636,172.645082,327000
-43.56405,172.72342,332000
-43.62604,172.6467,332200
-43.51598,172.63206,323900
-43.524752,172.571369,321200
-43.545352,172.622706,327400
-43.530092,172.641623,327000
-43.487592,172.594056,317800
-43.48509,172.61774,320501
-43.52388,172.64476,325800
-43.528358,172.6118,323200
-43.536707,172.631212,327100
-43.51987,172.64032,324800
-43.520568,172.64467,325302
-43.47257,172.69397,323700
-43.523963,172.642959,325800
-43.512011,172.623011,322200
-43.533504,172.628713,325700
-43.542382,172.612533,326400
-43.50407,172.59607,320800
-43.53581,172.632842,326600
-43.51265,172.62676,323900
-43.529842,172.610226,325200
-43.81011,172.96229,333500
-43.80857,172.96068,333400
-43.81028,172.96134,333500
-43.467136,172.606406,316800
-43.52468,172.630041,325700
-43.51966,172.62374,323000
-43.53972,172.63182,327100
-43.531414,172.647483,327000
-43.537372,172.625301,327100
-43.522393,172.630932,325800
-43.521394,172.609699,322600
-43.55603,172.61969,327600
-43.518564,172.64596,325302
-43.51637,172.637323,324800
-43.56265,172.71917,332000
-43.572079,172.764937,332700
-43.59856,172.71666,332501
-43.502457,172.581972,319200
-43.52402,172.63886,325800
-43.56232,172.71476,332000
-43.56068,172.72159,332000
-43.498112,172.601213,320100
-43.60685,172.70377,332501
-43.56828,172.71835,332000
-43.506415,172.638262,323800
-43.525735,172.635801,325700
-43.53357,172.60372,324400
-43.55578,172.7518,331700
-43.599915,172.720745,332501
-43.527999,172.611888,323200
-43.528551,172.643238,327000
-43.5351,172.64209,326600
-43.5281,172.63989,327000
-43.525736,172.635744,325700
-43.530033,172.63915,326600
-43.48966,172.54814,316700
-43.533924,172.641937,327000
-43.47716,172.71811,326000
-43.53422,172.65004,327100
-43.51453,172.65018,325302
-43.518332,172.64377,325302
-43.535693,172.584778,322700
-43.53275,172.641,327000
-43.516079,172.651277,325302
-43.51532,172.61993,323000
-43.52409,172.64274,325800
-43.51096,172.6328,323800
-43.52139,172.62117,323000
-43.464953,172.58674,316800
-43.524524,172.635635,325700
-43.5165,172.63982,324800
-43.50644,172.72519,330200
-43.531286,172.645005,327000
-43.50228,172.64507,323100
-43.55475,172.60642,326900
-43.53194,172.6446,327000
-43.53107,172.64087,327000
-43.80869,172.97298,333500
-43.495657,172.6799,325601
-43.52753,172.64305,327000
-43.52201,172.62124,323000
-43.533485,172.649214,327100
-43.53317,172.64955,327100
-43.533488,172.649969,327100
-43.51329,172.62607,323900
-43.51936,172.626,323000
-43.537355,172.641401,327100
-43.51804,172.58487,320600
-43.52948,172.60972,325200
-43.53502,172.58588,322700
-43.540256,172.635398,328100
-43.53641,172.64227,327100
-43.53307,172.64968,327100
-43.51903,172.63022,323900
-43.520386,172.650186,325302
-43.534513,172.643196,327100
-43.537043,172.64094,327100
-43.533422,172.659901,328900
-43.518783,172.572031,320700
-43.53507,172.63579,326600
-43.527538,172.631507,325700
-43.566777,172.571463,325400
-43.55059,172.60995,326900
-43.46262,172.59438,316800
-43.51892,172.60488,322600
-43.536984,172.640816,327100
-43.538413,172.635569,327100
-43.48268,172.66932,321302
-43.5103,172.62456,322200
-43.537475,172.638469,327100
-43.53498,172.63512,326600
-43.537478,172.647476,327100
-43.538571,172.637372,327100
-43.53697,172.64091,327100
-43.50358,172.58965,319900
-43.50932,172.63326,323800
-43.5339,172.64374,327100
-43.50996,172.668,326500
-43.52387,172.64298,325800
-43.47004,172.57088,316700
-43.50581,172.61695,322200
-43.52414,172.66494,327800
-43.452693,172.617323,316900
-43.538742,172.659504,328900
-43.50897,172.64979,325301
-43.527754,172.649716,327000
-43.52093,172.53431,318700
-43.493186,172.61236,320900
-43.4959,172.64196,321701
-43.47825,172.6721,321302
-43.53346,172.649021,327100
-43.5056,172.64269,323100
-43.755344,172.944421,333300
-43.48762,172.64995,318401
-43.537607,172.625208,327100
-43.4763,172.67121,321302
-43.56299,172.65049,331200
-43.56334,172.66344,331400
-43.488127,172.623072,320501
-43.51649,172.63395,324800
-43.51906,172.65332,326800
-43.51332,172.5784,320600
-43.494519,172.598888,320100
-43.50445,172.58762,319900
-43.51506,172.6337,324800
-43.51334,172.63166,323900
-43.51746,172.62558,323000
-43.511416,172.666941,326500
-43.52235,172.64568,325800
-43.52795,172.6289,325700
-43.539698,172.633808,327100
-43.53633,172.64837,327100
-43.51806,172.60983,322600
-43.508559,172.647809,325301
-43.50728,172.63954,323800
-43.808956,172.963785,333500
-43.52111,172.62193,323000
-43.526115,172.633774,325700
-43.531721,172.643948,327000
-43.602556,172.71416,332501
-43.52351,172.64143,325800
-43.524303,172.642916,325800
-43.535568,172.631885,326600
-43.542037,172.669448,330100
-43.50177,172.62477,322100
-43.53782,172.63055,327100
-43.53059,172.63005,325700
-43.53464,172.63112,325700
-43.54561,172.61926,327400
-43.54448,172.62041,327400
-43.52827,172.647,327000
-43.557139,172.643352,329700
-43.49645,172.56616,318300
-43.51094,172.50287,316600
-43.53237,172.64842,327100
-43.511947,172.602848,321400
-43.486416,172.585236,317800
-43.526112,172.647437,327000
-43.52938,172.65176,327901
-43.49461,172.61691,320900
-43.63396,172.718881,332901
-43.53212,172.64593,327100
-43.530498,172.641998,327000
-43.50695,172.62289,322200
-43.48523,172.61557,320501
-43.50232,172.5894,319900
-43.47891,172.58744,317900
-43.47117,172.57144,316700
-43.47905,172.58314,317800
-43.532218,172.629885,325700
-43.53241,172.58045,322700
-43.53239,172.67073,327902
-43.518825,172.57561,320700
-43.4363,172.66778,317201
-43.56451,172.58281,326701
-43.51725,172.66004,325900
-43.51695,172.61193,322600
-43.516041,172.62541,323900
-43.519798,172.653372,326800
-43.53713,172.59225,323300
-43.59833,172.61693,330000
-43.50693,172.63762,323800
-43.45472,172.6245,316900
-43.477162,172.592328,317900
-43.514654,172.625859,323900
-43.541657,172.611576,326400
-43.51994,172.584994,320200
-43.515293,172.614752,323000
-43.535675,172.635554,326600
-43.538477,172.642459,327100
-43.52263,172.65459,326800
-43.54357,172.66373,329600
-43.536936,172.638026,327100
-43.5348,172.64281,327100
-43.538009,172.636221,327100
-43.508191,172.609608,321400
-43.5382,172.658439,328900
-43.54508,172.61071,326100
-43.479675,172.617127,319600
-43.53426,172.5846,322700
-43.526422,172.632988,325700
-43.532467,172.64936,327100
-43.53559,172.63696,326600
-43.53421,172.64758,327100
-43.574274,172.580722,327301
-43.497096,172.590464,319900
-43.49627,172.57458,318300
-43.519485,172.63785,324800
-43.54471,172.609066,326100
-43.490923,172.613949,320501
-43.4818,172.58161,317800
-43.53487,172.60127,324400
-43.5308,172.638748,326600
-43.523648,172.642506,325800
-43.52678,172.64735,327000
-43.587815,172.565519,328001
-43.53476,172.64225,326600
-43.55765,172.65673,330800
-43.80191,172.97999,333500
-43.82937,172.94591,333300
-43.529718,172.645089,327000
-43.5255,172.64435,325800
-43.79834,172.96314,333400
-43.7999,172.97557,333500
-43.79935,172.97332,333500
-43.80012,172.97275,333500
-43.813516,172.962477,333500
-43.583276,172.599581,330000
-43.81305,172.96555,333500
-43.529863,172.652592,327901
-43.54802,172.64331,329400
-43.53077,172.60981,325200
-43.53279,172.63908,326600
-43.52938,172.64515,327000
-43.55469,172.59022,325000
-43.500713,172.56605,318300
-43.51354,172.5774,320600
-43.55985,172.73823,332100
-43.5271,172.64739,327000
-43.59848,172.72716,332501
-43.53216,172.66071,327902
-43.524518,172.642459,325800
-43.52799,172.64227,327000
-43.5615,172.60208,327700
-43.53109,172.6385,326600
-43.52648,172.60572,323200
-43.55265,172.527441,321102
-43.52731,172.63981,325800
-43.7841,172.97777,333300
-43.51686,172.63179,323900
-43.53587,172.66089,328900
-43.5114,172.63837,323800
-43.47943,172.67865,324001
-43.528933,172.652805,327901
-43.532143,172.629854,325700
-43.532158,172.62983,325700
-43.546798,172.607364,326100
-43.5161,172.62774,323900
-43.55041,172.60932,326900
-43.533392,172.649747,327100
-43.5368,172.648883,327100
-43.51715,172.628929,323900
-43.51413,172.62408,323900
-43.53101,172.65198,327901
-43.52962,172.65733,327902
-43.534084,172.641755,327000
-43.53872,172.63558,327100
-43.801151,172.976059,333500
-43.533709,172.649134,327100
-43.505882,172.636135,322100
-43.53163,172.60952,325200
-43.50092,172.6215,322200
-43.534003,172.642468,327000
-43.54546,172.67745,330100
-43.47105,172.69943,323700
-43.510724,172.497758,316600
-43.62768,172.7303,332901
-43.53104,172.64589,327000
-43.561354,172.715118,332000
-43.52625,172.64239,325800
-43.545135,172.628432,328100
-43.72316,172.71741,333100
-43.477351,172.718718,326000
-43.58021,172.7757,332700
-43.63065,172.72596,332901
-43.55817,172.7375,332100
-43.60284,172.72009,332501
-43.56233,172.71498,332000
-43.60246,172.724593,332501
-43.52974,172.64509,327000
-43.533123,172.522889,319300
-43.824352,172.709116,333100
-43.556158,172.751505,331700
-43.5677,172.71034,332000
-43.76101,172.79675,333100
-43.53458,172.5513,321000
-43.52789,172.64771,327000
-43.53875,172.66446,328900
-43.56904,172.69499,331900
-43.67181,172.78756,333201
-43.571925,172.758921,332700
-43.6492,172.81929,332301
-43.537181,172.570338,322000
-43.52652,172.64754,327000
-43.55695,172.641719,329700
-43.664406,172.676236,332801
-43.531171,172.735235,331700
-43.57434,172.76768,332700
-43.59786,172.72718,332501
-43.642257,172.75304,333201
-43.56201,172.73815,332100
-43.50051,172.68127,325601
-43.5323,172.6404,327000
-43.569871,172.730157,332100
-43.660807,172.810044,333201
-43.63181,172.74083,332901
-43.522,172.72657,330200
-43.62895,172.72986,332901
-43.53477,172.67697,329300
-43.52972,172.58686,321800
-43.576069,172.763067,332700
-43.56726,172.74426,332400
-43.57004,172.760452,332700
-43.527068,172.607224,323200
-43.764592,172.797985,333100
-43.530533,172.664112,327902
-43.53112,172.63803,326600
-43.60366,172.6936,332501
-43.567187,172.716289,332000
-43.62578,172.73881,332901
-43.56643,172.64814,331200
-43.78824,172.81892,333100
-43.64786,172.71141,332801
-43.526459,172.64123,325800
-43.5759,172.69392,331900
-43.56828,172.75776,332700
-43.62742,172.7417,332901
-43.526057,172.640005,325800
-43.81466,172.96103,333500
-43.75799,172.91219,333300
-43.568412,172.755137,332400
-43.53165,172.6432,327000
-43.55803,172.73923,332301
-43.52368,172.641582,325800
-43.532014,172.646326,327000
-43.54471,172.60907,326100
-43.529832,172.641253,327000
-43.536648,172.661456,328900
-43.507641,172.569332,318300
-43.532157,172.640186,327000
-43.57083,172.65511,331200
-43.52779,172.64685,327000
-43.75186,172.94121,333300
-43.508566,172.63347,323800
-43.81033,172.97036,333500
-43.76137,172.95085,333300
-43.79323,172.97018,333300
-43.53019,172.64244,327000
-43.511684,172.619247,323000
-43.51403,172.62548,323900
-43.533259,172.6512,328800
-43.80246,172.97515,333500
-43.505815,172.569573,318300
-43.4788,172.71784,326000
-43.538322,172.648221,327100
-43.532137,172.641093,327000
-43.53064,172.638778,326600
-43.493724,172.666028,324600
-43.519228,172.525894,316600
-43.537154,172.600589,324400
-43.5233,172.63623,325800
-43.539037,172.664057,328900
-43.524297,172.636256,325800
-43.5639,172.54946,322900
-43.53424,172.66915,328900
-43.53028,172.65704,327901
-43.49644,172.56805,318300
-43.566922,172.736708,332100
-43.578863,172.775012,332700
-43.81003,172.9623,333500
-43.81904,172.90317,333300
-43.809784,172.961329,333500
-43.551558,172.634158,328700
-43.581534,172.757067,332700
-43.512,172.56725,320200
-43.53261,172.649,327100
-43.52472,172.63918,325800
-43.52983,172.6559,327901
-43.532994,172.650042,327100
-43.545795,172.624125,327400
-43.52249,172.6441,325800
-43.52353,172.63615,325800
-43.49821,172.56021,317501
-43.57778,172.76355,332700
-43.52557,172.66239,328500
-43.51778,172.56057,319500
-43.50461,172.56226,318300
-43.66748,172.66012,332801
-43.57712,172.56505,326301
-43.50085,172.55899,317501
-43.51147,172.54075,318901
-43.4988,172.57108,319200
-43.52096,172.55327,319700
-43.533005,172.640198,327000
-43.76331,173.0614,333201
-43.79488,172.96868,333300
-43.528953,172.644087,327000
-43.77739,172.89919,333300
-43.64889,172.70926,332901
-43.522472,172.644905,325800
-43.528458,172.642916,327000
-43.80863,172.96231,333400
-43.60412,172.69131,332501
-43.80925,172.90809,333300
-43.56732,172.73128,332100
-43.52668,172.58825,322400
-43.529571,172.652962,327901
-43.549098,172.646138,329400
-43.74381,172.85396,333100
-43.799619,172.969287,333500
-43.81717,172.988149,333300
-43.80517,172.97061,333500
-43.57295,172.77326,332700
-43.49107,172.55009,316700
-43.57061,172.63118,330300
-43.5325,172.6432,327100
-43.528563,172.64326,327000
-43.5275,172.64771,327000
-43.52602,172.63889,325800
-43.81015,172.96075,333400
-43.8163,172.95242,333500
-43.80954,172.97053,333500
-43.86746,173.00501,333300
-43.572516,172.54094,324501
-43.49432,172.72457,327200
-43.51457,172.62393,323900
-43.521942,172.63262,325800
-43.51604,172.58808,320600
-43.526911,172.652583,327901
-43.5092,172.56363,320200
-43.47665,172.56715,317000
-43.52377,172.53985,319800
-43.524165,172.635356,325800
-43.52533,172.64131,325800
-43.555223,172.622548,327600
-43.49364,172.60034,320100
-43.52359,172.64247,325800
-43.64191,172.63812,332801
-43.50506,172.56618,318300
-43.63545,172.64586,332200
-43.62929,172.65009,332200
-43.555,172.60435,326900
-43.53808,172.63971,327100
-43.54658,172.64623,328100
-43.49517,172.66655,324600
-43.513982,172.62283,323000
-43.53281,172.62722,324900
-43.52824,172.64945,327000
-43.51264,172.638532,323800
-43.52953,172.64889,327000
-43.558052,172.71436,332000
-43.60293,172.70898,332501
-43.52781,172.64633,327000
-43.77746,172.89742,333300
-43.5518,172.5975,325000
-43.823806,172.985719,333300
-43.51135,172.65024,325301
-43.584218,172.582122,329002
-43.80068,172.97365,333500
-43.527956,172.642721,327000
-43.75832,172.91413,333300
-43.53325,172.62746,324900
-43.52401,172.64234,325800
-43.54379,172.61418,326100
-43.45707,172.62514,317301
-43.52302,172.64262,325800
-43.5187,172.6249,323000
-43.511246,172.645736,325301
-43.52062,172.58511,320200
-43.52566,172.64314,325800
-43.57477,172.69392,331900
-43.6255,172.739212,332901
-43.4624,172.58873,316800
-43.53384,172.5938,323300
-43.52865,172.61179,323200
-43.52953,172.61297,324900
-43.52403,172.63203,325800
-43.555832,172.606552,326900
-43.50974,172.60462,321400
-43.54585,172.60841,326100
-43.54962,172.60355,326900
-43.52106,172.62068,323000
-43.49913,172.578543,319200
-43.555472,172.628305,329100
-43.53393,172.66195,328900
-43.50703,172.632365,322100
-43.482719,172.607024,317900
-43.48845,172.57352,318000
-43.503851,172.617085,322200
-43.5062,172.6222,322200
-43.5115,172.65237,325900
-43.53804,172.63305,327100
-43.51499,172.63791,324800
-43.516848,172.635958,324800
-43.51253,172.61963,323000
-43.517242,172.641426,324800
-43.567598,172.757448,332700
-43.50359,172.69663,327500
-43.52886,172.63339,325700
-43.520077,172.508274,316600
-43.497046,172.567693,318300
-43.56705,172.52369,319101
-43.51671,172.63641,324800
-43.477586,172.65902,318401
-43.528499,172.612064,323200
-43.51706,172.63595,324800
-43.51386,172.65297,325900
-43.531168,172.610123,325200
-43.53662,172.60406,324400
-43.534273,172.600882,324400
-43.5433,172.61288,326100
-43.56162,172.58311,326701
-43.520731,172.584941,320200
-43.500117,172.640621,323100
-43.544823,172.609032,326100
-43.520578,172.609239,322600
-43.469556,172.601634,317600
-43.5071,172.64442,323100
-43.49835,172.56755,318300
-43.519215,172.535065,317701
-43.49366,172.56739,318300
-43.56824,172.62874,330300
-43.52172,172.63711,325800
-43.52694,172.55472,321000
-43.47764,172.5668,317000
-43.52298,172.6368,325800
-43.5292,172.58831,322400
-43.538345,172.621003,327100
-43.535148,172.598604,324400
-43.516906,172.635904,324800
-43.515444,172.638888,324800
-43.51784,172.65733,326800
-43.520952,172.622974,323000
-43.55942,172.61579,328200
-43.493112,172.582302,318000
-43.531456,172.599842,324200
-43.52178,172.64264,325800
-43.573687,172.584997,327301
-43.53525,172.63105,326600
-43.52676,172.55393,321000
-43.52137,172.61819,323000
-43.57616,172.579498,327301
-43.567101,172.62114,329200
-43.51583,172.62082,323000
-43.47839,172.58391,317800
-43.532989,172.592829,323300
-43.534358,172.604688,324400
-43.81559,172.95986,333300
-43.54044,172.63454,328100
-43.526248,172.636826,325800
-43.53789,172.57978,322700
-43.55986,172.56137,324700
-43.78468,172.98529,333300
-43.51314,172.60133,321500
-43.803868,172.97391,333500
-43.51993,172.64346,325302
-43.523964,172.59079,322400
-43.52807,172.61113,323200
-43.53835,172.62151,327100
-43.55603,172.59006,325000
-43.53822,172.61871,324900
-43.517923,172.656595,326800
-43.526298,172.563787,320700
-43.49745,172.5632,318300
-43.538518,172.630408,327100
-43.529607,172.645234,327000
-43.53008,172.6112,325200
-43.517044,172.639281,324800
-43.53885,172.61747,324900
-43.54594,172.61536,326100
-43.53548,172.588606,323300
-43.568488,172.752645,332400
-43.495,172.71486,327200
-43.529582,172.645085,327000
-43.529428,172.645113,327000
-43.536152,172.585527,322700
-43.526948,172.63981,325800
-43.51946,172.63947,324800
-43.53472,172.63009,326600
-43.526114,172.633777,325700
-43.49095,172.69207,324001
-43.52452,172.63319,325700
-43.545612,172.614693,326100
-43.53747,172.6016,325500
-43.52471,172.63566,325700
-43.57454,172.6285,330300
-43.56142,172.73152,332100
-43.814068,172.961512,333500
-43.80877,172.9625,333500
-43.531212,172.647485,327000
-43.57627,172.76412,332700
-43.57257,172.63441,331300
-43.57541,172.72647,332000
-43.57472,172.63431,331300
-43.81285,172.95923,333500
-43.80867,172.96255,333500
-43.53315,172.63811,326600
-43.76006,172.9145,333400
-43.46435,172.59099,316800
-43.513178,172.710787,328600
-43.81022,172.96406,333500
-43.525167,172.640449,325800
-43.51776,172.63391,324800
-43.60254,172.72462,332501
-43.524791,172.643166,325800
-43.52626,172.6673,328500
-43.52973,172.64511,327000
-43.572802,172.577009,327301
-43.80831,172.96179,333400
-43.50549,172.69958,327500
-43.54067,172.65827,329600
-43.73582,172.77979,333100
-43.524659,172.642879,325800
-43.67456,172.81526,333201
-43.52428,172.64159,325800
-43.81497,172.95135,333400
-43.81014,172.96055,333400
-43.809486,172.961682,333500
-43.553596,172.648424,329400
-43.50833,172.73143,330200
-43.488439,172.719723,327200
-43.524215,172.641782,325800
-43.7207,173.03453,333201
-43.804573,172.988098,333300
-43.76103,172.95207,333300
-43.48788,172.72119,327200
-43.508924,172.731389,330200
-43.554131,172.632789,329100
-43.757401,172.943883,333300
-43.80781,172.96323,333400
-43.54393,172.60862,326100
-43.8085,172.99923,333300
-43.533,172.65997,327902
-43.529499,172.645019,327000
-43.813318,172.955258,333400
-43.568807,172.752293,332400
-43.684644,172.890519,333201
-43.53119,172.58942,323300
-43.81493,172.96426,333500
-43.55397,172.69315,331801
-43.62664,172.7414,332901
-43.74744,172.9325,333300
-43.8029,172.9882,333300
-43.80044,172.97626,333500
-43.80892,172.96117,333400
-43.71518,172.8968,333201
-43.57234,172.650193,331200
-43.801025,172.97954,333500
-43.637881,172.753509,332901
-43.746643,172.936907,333300
-43.521487,172.611434,322600
-43.794359,172.967191,333300
-43.52591,172.57291,321800
-43.508224,172.731297,330200
-43.47948,172.70849,325100
-43.56859,172.75874,332700
-43.527002,172.587532,322400
-43.49566,172.6799,325601
-43.56759,172.75303,332400
-43.524421,172.634077,325700
-43.79982,172.973142,333500
-43.71427,172.89668,333201
-43.57629,172.62832,330300
-43.814657,172.962786,333500
-43.80739,172.90368,333300
-43.57023,172.746,332400
-43.83186,172.90221,333300
-43.7581,172.94823,333300
-43.52363,172.64319,325800
-43.80782,172.96308,333400
-43.52543,172.64527,327000
-43.51464,172.64726,325302
-43.746844,172.952406,333300
-43.503681,172.729397,330200
-43.47551,172.69936,323700
-43.78449,172.95071,333400
-43.746248,172.937335,333300
-43.80822,172.9752,333500
-43.546134,172.62929,327400
-43.76146,172.96074,333300
-43.74045,173.09303,333201
-43.46982,172.57101,316700
-43.80323,172.97422,333500
-43.67543,172.99468,332301
-43.81056,172.96073,333500
-43.53087,172.64523,327000
-43.81222,172.90329,333300
-43.67802,173.03795,333201
-43.526789,172.639983,325800
-43.52311,172.63662,325800
-43.60476,172.68934,332501
-43.524613,172.636714,325800
-43.52822,172.64532,327000
-43.60461,172.6948,332501
-43.55005,172.53329,321101
-43.76267,172.94449,333300
-43.548952,172.658453,329900
-43.522287,172.52467,316600
-43.81078,172.96749,333500
-43.530298,172.641421,327000
-43.80009,172.9721,333500
-43.81169,172.90853,333300
-43.81731,172.95287,333300
-43.808028,172.997001,333300
-43.67506,173.01616,333201
-43.759619,172.945332,333300
-43.53268,172.64931,327100
-43.74227,173.09222,333201
-43.532948,172.640419,327000
-43.78801,172.9065,333300
-43.81234,172.9617,333500
-43.806319,172.968701,333500
-43.80025,172.97291,333500
-43.800554,172.973216,333500
-43.80999,172.96239,333500
-43.809307,172.961838,333500
-43.814899,172.954753,333500
-43.54458,172.62398,327400
-43.536429,172.741974,331700
-43.489342,172.723301,327200
-43.80356,172.99224,333300
-43.538146,172.648184,327100
-43.80835,172.97184,333500
-43.81554,172.96408,333500
-43.80978,172.96133,333500
-43.737968,172.934272,333300
-43.532335,172.610335,325200
-43.524355,172.684189,328400
-43.64877,172.70757,332901
-43.52143,172.64435,325800
-43.63831,172.75225,332901
-43.755049,172.944971,333300
-43.79687,172.96294,333300
-43.78393,172.90976,333300
-43.62822,172.74174,332901
-43.578751,172.769558,332700
-43.521071,172.651367,326800
-43.81092,172.96493,333500
-43.80033,172.97273,333500
-43.6305,172.72373,332901
-43.60444,172.69045,332501
-43.55059,172.65046,329900
-43.79614,172.97661,333300
-43.809724,172.961409,333500
-43.8071,172.9702,333500
-43.810635,172.960987,333500
-43.80907,172.96978,333500
-43.532734,172.649971,327100
-43.6026,172.71657,332501
-43.52795,172.64272,327000
-43.8061,172.97092,333500
-43.51655,172.59063,320600
-43.521137,172.647675,325800
-43.81078,172.96166,333500
-43.80834,172.96417,333500
-43.52586,172.66755,328500
-43.81367,172.95444,333400
-43.48384,172.72264,326000
-43.53071,172.63806,326600
-43.53636,172.66097,328900
-43.518,172.59404,321500
-43.50779,172.73028,330200
-43.52963,172.6451,327000
-43.80867,172.9612,333400
-43.52916,172.64957,327000
-43.476884,172.670626,321302
-43.55085,172.59585,325000
-43.81195,172.96162,333500
-43.78454,172.94965,333300
-43.80371,172.98709,333300
-43.515717,172.539936,317701
-43.81282,172.96473,333500
-43.5309,172.60518,324400
-43.524611,172.635528,325700
-43.80634,172.97249,333500
-43.806072,172.971893,333500
-43.746957,172.932236,333300
-43.75671,172.94447,333300
-43.81054,172.97109,333300
-43.757901,172.9444,333300
-43.80128,172.97057,333500
-43.813107,172.961105,333500
-43.526254,172.642394,325800
-43.70985,173.0411,333201
-43.82343,172.94643,333300
-43.8072,172.96675,333500
-43.8073,172.97327,333500
-43.511429,172.625519,322200
-43.51461,172.65253,325900
-43.79532,172.91627,333300
-43.793751,172.968775,333300
-43.80865,172.96226,333400
-43.80881,172.96264,333500
-43.506376,172.658494,323400
-43.552645,172.527421,321102
-43.52027,172.63838,324800
-43.80962,172.962463,333500
-43.78557,172.95512,333300
-43.79172,172.82681,333100
-43.80556,172.99072,333300
-43.48222,172.72223,326000
-43.503934,172.728455,330200
-43.5597,172.66637,331400
-43.52024,172.53817,317701
-43.527968,172.662913,327902
-43.448611,172.629582,316900
-43.499553,172.565465,318300
-43.529964,172.64114,327000
-43.81054,172.97323,333500
-43.80881,172.97107,333500
-43.760346,172.947698,333300
-43.745096,172.937983,333300
-43.81009,172.96888,333500
-43.81057,172.96199,333500
-43.549516,172.651729,329900
-43.80519,172.96649,333500
-43.45408,172.61802,316900
-43.80123,172.97079,333500
-43.53031,172.65709,327902
-43.53175,172.59534,323300
-43.81094,172.96507,333500
-43.55401,172.637011,329700
-43.8086,172.96282,333500
-43.523108,172.636211,325800
-43.82883,172.94328,333400
-43.529402,172.609757,325200
-43.75732,172.9713,333300
-43.56563,172.64582,330600
-43.520951,172.63808,325800
-43.53382,172.60985,325200
-43.54177,172.659867,329600
-43.79384,172.96914,333300
-43.52179,172.621502,323000
-43.78759,172.81975,333100
-43.518637,172.625095,323000
-43.81013,172.96066,333400
-43.51565,172.63527,324800
-43.56664,172.59515,327700
-43.587049,172.60744,330000
-43.86751,173.00637,333300
-43.801672,172.970679,333500
-43.799554,172.969986,333500
-43.512136,172.634185,323800
-43.80127,172.97291,333500
-43.75503,172.94441,333300
-43.80798,172.97337,333500
-43.78648,172.952702,333300
-43.81252,172.96107,333500
-43.508405,172.578745,320600
-43.51642,172.6418,324800
-43.54659,172.60345,326100
-43.47903,172.58386,317800
-43.520058,172.647675,325302
-43.530953,172.645566,327000
-43.51488,172.62124,323000
-43.544683,172.610924,326100
-43.530509,172.646133,327000
-43.52408,172.63208,325800
-43.518716,172.646365,325302
-43.533191,172.641586,327000
-43.51004,172.57445,319200
-43.4896,172.61433,320501
-43.51024,172.57883,320600
-43.801464,172.970478,333500
-43.521986,172.621732,323000
-43.57687,172.76256,332700
-43.514241,172.588964,320600
-43.51245,172.59908,321500
-43.53629,172.59765,324400
-43.53972,172.61871,327100
-43.51216,172.63456,323800
-43.470832,172.572651,317000
-43.520029,172.653462,326800
-43.49803,172.63075,322100
-43.528942,172.610428,325200
-43.534993,172.585277,322700
-43.52847,172.64363,327000
-43.64096,172.71326,332901
-43.565934,172.734345,332100
-43.58309,172.58,329002
-43.76285,172.80538,333100
-43.5795,172.5609,326301
-43.511291,172.624165,322200
-43.531525,172.737222,331700
-43.53119,172.64311,327000
-43.52536,172.63678,325800
-43.53118,172.64377,327000
-43.51562,172.61414,323000
-43.52854,172.61055,323200
-43.53174,172.65073,327901
-43.528506,172.649209,327000
-43.52647,172.64719,327000
-43.531747,172.644015,327000
-43.63958,172.75167,332901
-43.53336,172.64232,327000
-43.5664,172.73825,332400
-43.52221,172.5235,316600
-43.56566,172.72121,332000
-43.509195,172.730878,330200
-43.60236,172.70845,332501
-43.522462,172.64355,325800
-43.53952,172.62204,327100
-43.5222,172.64479,325800
-43.546,172.62401,327400
-43.537291,172.625429,327100
-43.512016,172.625859,323900
-43.58103,172.56186,328001
-43.564649,172.669749,331400
-43.64529,172.70996,332901
-43.533988,172.66197,328900
-43.529569,172.642554,327000
-43.531885,172.639933,327000
-43.60187,172.71958,332501
-43.521836,172.657294,326800
-43.53283,172.64091,327000
-43.563482,172.726499,332000
-43.604427,172.691528,332501
-43.486116,172.718882,326000
-43.538638,172.621479,327100
-43.535,172.60973,325200
-43.52995,172.64517,327000
-43.7263,172.78377,333100
-43.526116,172.642288,325800
-43.627661,172.741563,332901
-43.55268,172.62263,327600
-43.567909,172.759548,332700
-43.53272,172.64068,327000
-43.52845,172.64639,327000
-43.51225,172.73015,330200
-43.5321,172.63854,326600
-43.5258,172.64024,325800
-43.56294,172.73986,332100
-43.52889,172.64506,327000
-43.532282,172.644743,327100
-43.562671,172.544818,322900
-43.523634,172.641544,325800
-43.524694,172.643661,325800
-43.549268,172.529343,321102
-43.62637,172.72101,332901
-43.51678,172.60084,321500
-43.52545,172.635747,325700
-43.585866,172.751505,332700
-43.62728,172.71872,332901
-43.559349,172.738442,332100
-43.531274,172.646198,327000
-43.531562,172.666188,327902
-43.531823,172.64385,327000
-43.5023,172.43362,316500
-43.53256,172.64116,327000
-43.54077,172.66434,328900
-43.528941,172.644024,327000
-43.52231,172.6444,325800
-43.786214,172.830675,333100
-43.656104,172.703174,332801
-43.538429,172.569947,323500
-43.52481,172.64162,325800
-43.525977,172.635371,325700
-43.533747,172.641792,327000
-43.53448,172.60291,324400
-43.568502,172.720573,332000
-43.73177,172.696825,333100
-43.549329,172.690139,331100
-43.53337,172.52153,319300
-43.60377,172.68891,332501
-43.60556,172.69062,332501
-43.5146,172.62347,323000
-43.57225,172.7726,332700
-43.79345,172.83375,333100
-43.530957,172.637742,326600
-43.53166,172.64078,327000
-43.531323,172.644778,327000
-43.54725,172.5443,321901
-43.640008,172.714773,332801
-43.59825,172.72311,332501
-43.547728,172.63734,329400
-43.54193,172.60707,326100
-43.54478,172.68565,331100
-43.574053,172.773976,332700
-43.531303,172.647482,327000
-43.575245,172.775848,332700
-43.51516,172.73087,330200
-43.52744,172.66648,328500
-43.52174,172.53386,318700
-43.55499,172.53837,321102
-43.531312,172.644797,327000
-43.524713,172.640183,325800
-43.533648,172.546789,319800
-43.55813,172.72025,332000
-43.52638,172.64242,325800
-43.63135,172.74123,332901
-43.500838,172.564877,318300
-43.520919,172.533507,318700
-43.500045,172.564801,318300
-43.48317,172.56164,317000
-43.52462,172.63856,325800
-43.57614,172.76551,332700
-43.48136,172.56753,317000
-43.552232,172.686745,331100
-43.56865,172.54163,324300
-43.479741,172.562201,317000
-43.555988,172.553036,323600
-43.52759,172.63683,326600
-43.545993,172.517548,320300
-43.556498,172.538967,322900
-43.61889,172.65314,332200
-43.50422,172.56064,318501
-43.501594,172.555325,318501
-43.538349,172.621057,327100
-43.536283,172.592048,323300
-43.53368,172.64213,327000
-43.546036,172.619748,327400
-43.53,172.60998,325200
-43.53028,172.63808,326600
-43.51372,172.62477,323900
-43.52208,172.53649,318700
-43.55309,172.490459,319101
-43.63152,172.74329,332901
-43.52133,172.56314,320700
-43.48187,172.62921,319600
-43.511761,172.633594,323800
-43.80844,172.96245,333400
-43.48719,172.60111,319400
-43.54908,172.64613,329400
-43.52044,172.53391,318700
-43.52342,172.67345,327800
-43.51488,172.64884,325302
-43.53037,172.64431,327000
-43.580212,172.638903,331300
-43.512389,172.516911,316600
-43.55061,172.55848,322500
-43.57565,172.76431,332700
-43.56103,172.540975,322900
-43.53098,172.60669,324400
-43.52348,172.53364,318700
-43.51817,172.59099,321500
-43.47173,172.57087,317000
-43.51423,172.6392,324800
-43.58814,172.56502,328001
-43.503117,172.696329,327500
-43.59799,172.71911,332501
-43.55927,172.71127,332000
-43.52527,172.63978,325800
-43.514949,172.564601,320200
-43.52931,172.64278,327000
-43.48401,172.56094,317000
-43.52256,172.53575,318700
-43.552887,172.55867,324100
-43.522921,172.538951,319800
-43.52201,172.5277,318700
-43.554008,172.532133,321102
-43.576147,172.727388,332000
-43.56852,172.64308,330600
-43.62654,172.73894,332901
-43.526853,172.636671,326600
-43.609535,172.57119,329001
-43.52794,172.64569,327000
-43.65093,172.75519,333201
-43.57386,172.76726,332700
-43.577196,172.75096,332400
-43.579115,172.630512,330300
-43.572951,172.711707,331900
-43.563572,172.717801,332000
-43.478778,172.720201,326000
-43.494036,172.725873,327200
-43.532644,172.641554,327000
-43.55161,172.55743,322500
-43.53181,172.64729,327000
-43.564024,172.551826,322900
-43.5216,172.63786,325800
-43.52628,172.73449,331700
-43.59607,172.56582,329001
-43.605874,172.694234,332501
-43.66141,172.80837,333201
-43.553879,172.618666,327600
-43.473702,172.704589,325100
-43.53119,172.63981,327000
-43.54733,172.54388,321901
-43.544714,172.610171,326100
-43.534777,172.59166,323300
-43.532357,172.646018,327100
-43.47603,172.6092,317900
-43.76781,172.79302,333100
-43.5045,172.69422,327500
-43.5192,172.53539,317701
-43.50951,172.73169,330200
-43.515026,172.709201,329800
-43.54968,172.67251,330500
-43.532787,172.649995,327100
-43.57531,172.752434,332400
-43.536748,172.665251,328900
-43.51849,172.62738,323900
-43.507768,172.730301,330200
-43.538464,172.630868,327100
-43.78827,172.80742,333100
-43.545794,172.624075,327400
-43.53578,172.63264,326600
-43.56871,172.74903,332400
-43.565461,172.583692,326701
-43.56207,172.73328,332100
-43.608042,172.704953,332501
-43.52723,172.63301,325700
-43.503778,172.729405,330200
-43.53337,172.629584,325700
-43.50705,172.72386,330200
-43.53946,172.63232,327100
-43.56993,172.75882,332400
-43.526769,172.588138,322400
-43.600707,172.70919,332501
-43.53411,172.611868,325200
-43.586792,172.608798,330000
-43.52539,172.639164,325800
-43.54343,172.6181,327400
-43.475271,172.707856,325100
-43.564408,172.572723,325400
-43.52424,172.64192,325800
-43.52053,172.69647,330700
-43.50777,172.73158,330200
-43.48302,172.7214,326000
-43.78626,172.80831,333100
-43.54337,172.66765,330100
-43.533902,172.630373,325700
-43.50886,172.731295,330200
-43.479689,172.720474,326000
-43.53141,172.62773,325700
-43.52079,172.62698,323000
-43.581934,172.605984,330000
-43.526618,172.628301,325700
-43.53849,172.6314,327100
-43.537135,172.624901,327100
-43.52691,172.60212,322400
-43.51767,172.63129,323900
-43.57359,172.75569,332400
-43.542795,172.614229,326100
-43.56629,172.65093,331200
-43.510444,172.620716,322200
-43.562214,172.720616,332000
-43.555176,172.685249,331100
-43.535409,172.635157,326600
-43.54853,172.61063,327600
-43.51918,172.64431,325302
-43.537958,172.638427,327100
-43.52628,172.60875,323200
-43.53723,172.57834,322700
-43.53811,172.64012,327100
-43.502418,172.618495,322200
-43.56373,172.56445,325400
-43.607941,172.703605,332501
-43.52885,172.63041,325700
-43.52259,172.63296,325800
-43.5187,172.64984,325302
-43.535646,172.631838,326600
-43.48535,172.61728,320501
-43.518419,172.649677,325302
-43.56624,172.73608,332100
-43.529522,172.644665,327000
-43.528144,172.643091,327000
-43.57798,172.62071,330300
-43.52669,172.63046,325700
-43.535584,172.632186,326600
-43.53391,172.62885,325700
-43.55188,172.55531,322500
-43.5412,172.74344,331700
-43.53762,172.60166,325500
-43.521363,172.62169,323000
-43.53006,172.64348,327000
-43.53591,172.58716,323300
-43.5357,172.60242,324400
-43.52399,172.63091,325700
-43.52052,172.73548,330200
-43.533325,172.629611,325700
-43.531034,172.645407,327000
-43.52637,172.62975,325700
-43.52457,172.63493,325700
-43.53257,172.52296,319300
-43.53865,172.631505,327100
-43.53283,172.59902,324400
-43.572323,172.76228,332700
-43.56057,172.73905,332100
-43.55166,172.637392,329700
-43.51294,172.61671,323000
-43.48518,172.59127,317800
-43.53586,172.64937,327100
-43.56814,172.64783,331200
-43.52327,172.54724,319700
-43.56553,172.7297,332100
-43.784,172.90277,333300
-43.573398,172.762804,332700
-43.501694,172.580939,319200
-43.509191,172.601799,320800
-43.55973,172.6455,330600
-43.54991,172.65205,329900
-43.52833,172.640601,327000
-43.553509,172.63368,328700
-43.53855,172.57892,322700
-43.52177,172.60927,322600
-43.63182,172.73748,332901
-43.488867,172.608909,320501
-43.56685,172.726896,332100
-43.526187,172.640223,325800
-43.772718,172.782695,333100
-43.53485,172.58637,322700
-43.565661,172.611264,329500
-43.52896,172.63959,326600
-43.51483,172.651321,325302
-43.556302,172.639087,329700
-43.5361,172.59748,324400
-43.599761,172.725338,332501
-43.56162,172.71447,332000
-43.788358,172.82048,333100
-43.574032,172.774265,332700
-43.535976,172.547984,319800
-43.559206,172.628691,329100
-43.5482,172.62304,327600
-43.56947,172.64111,330600
-43.547943,172.641039,329400
-43.54946,172.62494,327600
-43.56851,172.62922,330300
-43.52366,172.52302,316600
-43.53117,172.52109,319300
-43.530151,172.647327,327000
-43.56388,172.55935,325400
-43.481342,172.720764,326000
-43.633661,172.7125,332901
-43.569915,172.725168,332100
-43.500439,172.727585,330200
-43.503481,172.58698,319900
-43.56474,172.64401,330600
-43.53066,172.64341,327000
-43.498971,172.564459,318300
-43.510533,172.637758,323800
-43.5158,172.6248,323900
-43.519242,172.630614,323900
-43.52805,172.68337,329300
-43.53455,172.66597,328900
-43.528469,172.649338,327000
-43.57201,172.62459,330300
-43.55145,172.60179,326900
-43.570862,172.761788,332700
-43.55264,172.64822,329400
-43.62853,172.72304,332901
-43.635234,172.737385,332801
-43.529565,172.677232,328500
-43.52841,172.64482,327000
-43.54439,172.61301,326100
-43.563173,172.736748,332100
-43.56551,172.71107,332000
-43.537612,172.584131,322700
-43.55898,172.73518,332100
-43.55923,172.70349,331801
-43.533352,172.641174,327000
-43.5281,172.662786,327902
-43.52682,172.62979,325700
-43.52109,172.64059,325800
-43.60442,172.68787,332501
-43.5158,172.66294,325900
-43.75464,172.81694,333100
-43.51318,172.673,326500
-43.46745,172.63063,318600
-43.47854,172.61292,318800
-43.498235,172.690168,325601
-43.546771,172.650228,329900
-43.531685,172.638871,326600
-43.552631,172.527431,321102
-43.509213,172.731516,330200
-43.51536,172.6528,325900
-43.56741,172.74499,332400
-43.551221,172.558639,322500
-43.60344,172.6901,332501
-43.57584,172.75861,332700
-43.483324,172.671095,321302
-43.47995,172.67498,321302
-43.55816,172.73536,332100
-43.568374,172.72091,332000
-43.78688,172.82108,333100
-43.50762,172.55149,318501
-43.549992,172.650096,329900
-43.53141,172.637948,326600
-43.57138,172.72156,332000
-43.53905,172.74399,331700
-43.56982,172.55229,324300
-43.52457,172.63888,325800
-43.53668,172.58282,322700
-43.520599,172.532753,318700
-43.52026,172.53807,317701
-43.50109,172.55823,317501
-43.4716,172.56983,316700
-43.60723,172.70688,332501
-43.530532,172.641782,327000
-43.5553,172.55886,323600
-43.554219,172.547988,322800
-43.576107,172.554429,324300
-43.52682,172.55934,320700
-43.52396,172.63575,325800
-43.559637,172.543304,322900
-43.55898,172.55758,323600
-43.52457,172.63737,325800
-43.80957,172.88041,333300
-43.571578,172.759561,332700
-43.56648,172.75864,332700
-43.60288,172.71254,332501
-43.806918,172.969983,333500
-43.576373,172.633594,331300
-43.524664,172.635957,325700
-43.531761,172.644289,327000
-43.530587,172.594386,323300
-43.52425,172.51931,316600
-43.56733,172.75834,332700
-43.57299,172.760733,332700
-43.54824,172.53846,321101
-43.52748,172.64741,327000
-43.52645,172.63608,325700
-43.528281,172.64499,327000
-43.52923,172.6423,327000
-43.52569,172.63976,325800
-43.523384,172.636104,325800
-43.75951,172.94491,333300
-43.478241,172.556968,316700
-43.80187,172.97091,333500
-43.52614,172.64108,325800
-43.808613,172.963545,333500
-43.52968,172.64274,327000
-43.530165,172.643783,327000
-43.81016,172.96106,333500
-43.53832,172.62105,327100
-43.53545,172.60476,324400
-43.50288,172.5951,320800
-43.50937,172.64098,323800
-43.55613,172.5882,325000
-43.450511,172.59002,316800
-43.604679,172.580397,329001
-43.529147,172.570702,321800
-43.505203,172.583727,319900
-43.53293,172.64265,327000
-43.52262,172.62026,324900
-43.51545,172.63793,324800
-43.51377,172.62507,323900
-43.504699,172.572533,319200
-43.52537,172.64181,325800
-43.52509,172.64206,325800
-43.461351,172.58672,316800
-43.4902,172.5768,318000
-43.581416,172.599978,330000
-43.502766,172.661833,323400
-43.53549,172.5852,322700
-43.503318,172.582364,319200
-43.512115,172.657649,325900
-43.512966,172.665939,325900
-43.50148,172.62932,322100
-43.51241,172.62494,323900
-43.49814,172.59603,319900
-43.55114,172.61819,327600
-43.529926,172.60997,325200
-43.513036,172.618855,323000
-43.51635,172.63747,324800
-43.512692,172.665254,325900
-43.532987,172.593059,323300
-43.530899,172.588268,323300
-43.59396,172.57374,329002
-43.538195,172.621178,327100
-43.535772,172.584506,322700
-43.52533,172.64,325800
-43.549519,172.59374,325000
-43.53386,172.59494,323300
-43.514742,172.635718,324800
-43.5428,172.60931,326100
-43.53078,172.57813,321800
-43.52211,172.61535,322600
-43.57518,172.58044,327301
-43.4771,172.5824,317000
-43.531864,172.605331,324400
-43.50787,172.67362,326500
-43.51819,172.61528,323000
-43.53783,172.59703,325500
-43.52507,172.63693,325800
-43.55129,172.54463,321901
-43.560877,172.542186,322900
-43.64815,172.8192,333201
-43.5166,172.55643,319500
-43.52317,172.63862,325800
-43.5455,172.60661,326100
-43.56147,172.58342,326701
-43.506473,172.623183,322200
-43.517102,172.63526,324800
-43.503777,172.62658,322100
-43.528719,172.61084,323200
-43.51147,172.63827,323800
-43.531386,172.638263,326600
-43.52056,172.64202,324800
-43.52518,172.63796,325800
-43.475089,172.567547,317000
-43.51043,172.55376,318901
-43.50107,172.56246,318300
-43.525487,172.528199,318700
-43.49792,172.56779,318300
-43.5741,172.54124,324501
-43.569458,172.557711,324300
-43.75784,172.91221,333300
-43.523196,172.642476,325800
-43.52304,172.6425,325800
-43.5309,172.64205,327000
-43.56018,172.62056,329200
-43.561188,172.737191,332100
-43.53248,172.64463,327100
-43.52863,172.646243,327000
-43.506274,172.621396,322200
-43.51977,172.64896,325302
-43.51526,172.6319,323900
-43.5269,172.64716,327000
-43.531359,172.647484,327000
-43.52221,172.64267,325800
-43.52675,172.64212,325800
-43.53386,172.61037,325200
-43.52985,172.64162,327000
-43.53018,172.641411,327000
-43.53105,172.6442,327000
-43.60185,172.721837,332501
-43.516919,172.59974,321500
-43.51684,172.62569,323900
-43.526244,172.645865,327000
-43.51984,172.62534,323000
-43.50004,172.71521,328300
-43.52692,172.63033,325700
-43.535341,172.630981,326600
-43.510011,172.697131,328600
-43.5289,172.63022,325700
-43.51721,172.68845,328400
-43.53829,172.63106,327100
-43.53101,172.644374,327000
-43.532955,172.65025,327100
-43.52997,172.64598,327000
-43.51176,172.60199,321500
-43.53708,172.64726,327100
-43.531806,172.643832,327000
-43.518,172.73118,330200
-43.49278,172.72161,327200
-43.537291,172.625266,327100
-43.49113,172.59717,319400
-43.52644,172.63474,325700
-43.54037,172.61873,326400
-43.532,172.60596,324400
-43.538354,172.632979,327100
-43.50933,172.63953,323800
-43.538611,172.631574,327100
-43.52755,172.632074,325700
-43.544443,172.608795,326100
-43.523243,172.642054,325800
-43.5272,172.64214,327000
-43.525123,172.644103,325800
-43.52702,172.64745,327000
-43.54406,172.60803,326100
-43.509358,172.722094,330200
-43.52633,172.64239,325800
-43.54634,172.62663,327400
-43.5283,172.64762,327000
-43.49396,172.64292,321701
-43.528544,172.643669,327000
-43.510548,172.722356,326200
-43.566933,172.617133,329200
-43.53,172.647451,327000
-43.53504,172.60155,324400
-43.50095,172.71318,328300
-43.539444,172.632086,327100
-43.54008,172.61834,326400
-43.529964,172.645859,327000
-43.521296,172.646244,325800
-43.521806,172.644918,325800
-43.53101,172.64162,327000
-43.52835,172.63261,325700
-43.527561,172.63147,325700
-43.539501,172.632356,327100
-43.58216,172.57284,327301
-43.62882,172.7397,332901
-43.527698,172.631221,325700
-43.47116,172.6519,318401
-43.5117,172.67584,326500
-43.5367,172.62565,327100
-43.51157,172.64719,325301
-43.52249,172.62243,324900
-43.53001,172.57896,321800
-43.51998,172.62263,323000
-43.50208,172.71265,328300
-43.588,172.60638,330000
-43.55012,172.6898,331100
-43.482275,172.680843,324001
-43.53137,172.58117,322700
-43.529442,172.608795,325200
-43.51605,172.62365,323000
-43.508804,172.722331,330200
-43.52336,172.63215,325800
-43.480834,172.616036,318800
-43.5329,172.6303,325700
-43.546221,172.606825,326100
-43.54701,172.60299,326100
-43.514,172.63729,324800
-43.52666,172.62997,325700
-43.517327,172.643394,325302
-43.53028,172.62874,325700
-43.519678,172.637598,324800
-43.445601,172.631958,316900
-43.53795,172.63213,327100
-43.521138,172.631059,325800
-43.526392,172.631298,325700
-43.5305,172.59351,323300
-43.57456,172.5863,327301
-43.58115,172.59828,330000
-43.55195,172.61422,327600
-43.53965,172.57962,323500
-43.584599,172.580466,329002
-43.527119,172.589021,322400
-43.519209,172.642121,324800
-43.487466,172.616103,320501
-43.49858,172.62701,322100
-43.52755,172.63247,325700
-43.53631,172.60231,324400
-43.51943,172.60747,322600
-43.522992,172.627949,325700
-43.53735,172.632215,327100
-43.53779,172.62492,327100
-43.53758,172.62521,327100
-43.53955,172.60697,325500
-43.538131,172.633941,327100
-43.52588,172.63086,325700
-43.52537,172.63177,325700
-43.53259,172.57203,322000
-43.55663,172.58995,326701
-43.52251,172.63278,325800
-43.53844,172.57895,322700
-43.52312,172.63311,325800
-43.5215,172.63469,325800
-43.53171,172.58766,323300
-43.54172,172.6565,329600
-43.53883,172.63465,327100
-43.5387,172.631184,327100
-43.52553,172.63249,325700
-43.529314,172.631939,325700
-43.53936,172.63146,327100
-43.53166,172.57176,321800
-43.53714,172.59993,324400
-43.515941,172.625654,323900
-43.49132,172.58563,318000
-43.48905,172.59272,317800
-43.50323,172.63371,322100
-43.53917,172.63206,327100
-43.52285,172.63149,325800
-43.537843,172.631978,327100
-43.53197,172.58719,323300
-43.539788,172.63053,327100
-43.524322,172.570695,321200
-43.53479,172.63125,326600
-43.564,172.59403,327700
-43.5319,172.58115,322700
-43.53136,172.58828,323300
-43.52999,172.58969,322400
-43.5214,172.62527,324900
-43.525326,172.629516,325700
-43.52822,172.65269,327901
-43.52978,172.58231,321800
-43.52674,172.63059,325700
-43.53845,172.62603,327100
-43.52146,172.63272,325800
-43.546337,172.604026,326100
-43.52619,172.66697,328500
-43.53148,172.58209,322700
-43.52802,172.60085,323200
-43.559217,172.649699,330800
-43.530254,172.658269,327902
-43.525458,172.632986,325700
-43.48857,172.59288,317800
-43.564376,172.639656,330600
-43.569125,172.64204,330600
-43.553745,172.625709,327600
-43.52763,172.60384,323200
-43.5466,172.62947,327400
-43.52339,172.63,325700
-43.51085,172.63853,323800
-43.56702,172.66383,331400
-43.53915,172.62152,327100
-43.54274,172.66276,329600
-43.532182,172.648475,327100
-43.47029,172.57093,316700
-43.50428,172.60933,321400
-43.538374,172.633915,327100
-43.53878,172.63256,327100
-43.55375,172.64607,329400
-43.52922,172.61152,325200
-43.510595,172.638701,323800
-43.52089,172.57544,321200
-43.49749,172.57014,318300
-43.56204,172.66485,331400
-43.51619,172.63945,324800
-43.56052,172.54602,322900
-43.57413,172.76723,332700
-43.51108,172.55383,318901
-43.57989,172.63734,331300
-43.54841,172.60999,327600
-43.56417,172.65503,331200
-43.5186,172.61097,322600
-43.542802,172.662905,329600
-43.56164,172.61584,328200
-43.52975,172.60529,324200
-43.53151,172.60915,325200
-43.50416,172.57144,319200
-43.80664,172.9707,333500
-43.52906,172.6432,327000
-43.552921,172.669952,331000
-43.49273,172.69195,325601
-43.50956,172.60341,321400
-43.507771,172.621568,322200
-43.55123,172.65531,329900
-43.53796,172.6382,327100
-43.52502,172.64274,325800
-43.57498,172.54789,324501
-43.53266,172.62805,325700
-43.56443,172.60985,329500
-43.529762,172.597122,322400
-43.526202,172.609968,323200
-43.53468,172.597693,324400
-43.50337,172.63194,322100
-43.54023,172.61128,325500
-43.529789,172.597031,322400
-43.74704,172.93343,333300
-43.52524,172.63461,325700
-43.52765,172.6026,323200
-43.565833,172.655644,331200
-43.52672,172.64826,327000
-43.51606,172.62546,323900
-43.53095,172.62868,325700
-43.54275,172.61515,326100
-43.57053,172.72278,332100
-43.78659,172.9838,333300
-43.50683,172.56675,318300
-43.57639,172.74771,332400
-43.523662,172.63088,325700
-43.57146,172.71085,331900
-43.52425,172.52825,318700
-43.48236,172.62722,319600
-43.48547,172.596872,317800
-43.52484,172.62857,325700
-43.533702,172.648956,327100
-43.52835,172.64257,327000
-43.550847,172.6301,328700
-43.53759,172.6389,327100
-43.50808,172.64139,323800
-43.51971,172.632792,324800
-43.5511,172.64841,329900
-43.532828,172.656762,327901
-43.52907,172.65736,327902
-43.51009,172.721491,326200
-43.523238,172.593988,322400
-43.508312,172.721228,328300
-43.510284,172.7216,326200
-43.51866,172.64942,325302
-43.510554,172.6682,326500
-43.562142,172.545261,322900
-43.486277,172.714562,325100
-43.491052,172.724501,327200
-43.480371,172.711699,325100
-43.55427,172.67188,331000
-43.5345,172.64896,327100
-43.57337,172.62494,330300
-43.53266,172.63904,326600
-43.53528,172.67718,329300
-43.57366,172.62503,330300
-43.516199,172.639371,324800
-43.49316,172.69038,325601
-43.49274,172.69085,325601
-43.557437,172.603487,326900
-43.812698,172.965938,333500
-43.519257,172.621767,323000
-43.53205,172.65862,327902
-43.490673,172.592154,319000
-43.53802,172.57183,323500
-43.529576,172.644619,327000
-43.505923,172.569428,318300
-43.573443,172.58303,327301
-43.51611,172.63908,324800
-43.431769,172.696156,317100
-43.504671,172.63867,323100
-43.51502,172.6111,322600
-43.528,172.61186,323200
-43.57199,172.62887,330300
-43.554794,172.644611,329700
-43.53889,172.66188,328900
-43.55866,172.67018,331400
-43.5173,172.6093,322600
-43.56291,172.65158,331200
-43.542141,172.613152,326400
-43.53068,172.65899,327902
-43.52007,172.58993,320600
-43.562974,172.625617,329100
-43.531735,172.651651,327901
-43.57251,172.63326,331300
-43.55932,172.56327,324700
-43.57261,172.63826,331300
-43.5599,172.63238,329100
-43.57067,172.63086,330300
-43.570852,172.630344,330300
-43.56387,172.65489,331200
-43.53828,172.67245,330100
-43.51493,172.63032,323900
-43.53888,172.62046,327100
-43.53742,172.62051,324900
-43.57185,172.6265,330300
-43.54227,172.61467,326100
-43.55722,172.63489,329100
-43.56066,172.63147,329100
-43.569342,172.640333,330600
-43.5515,172.64376,329400
-43.569,172.63509,331300
-43.52429,172.66945,327800
-43.55184,172.63535,328700
-43.53154,172.65214,327901
-43.506314,172.593191,320800
-43.55222,172.63545,328700
-43.549285,172.628307,328700
-43.5623,172.63601,330300
-43.551815,172.647216,329400
-43.556188,172.631309,329100
-43.53067,172.65153,327901
-43.56375,172.64411,330600
-43.552528,172.64249,329700
-43.551068,172.643067,329400
-43.575252,172.585458,327301
-43.56541,172.64997,331200
-43.54412,172.66815,330500
-43.57146,172.630942,331300
-43.56478,172.62806,329100
-43.55625,172.62941,329100
-43.55233,172.6437,329400
-43.48946,172.54867,316700
-43.546716,172.648797,329900
-43.60153,172.57083,329001
-43.57012,172.629636,330300
-43.534082,172.648949,327100
-43.56385,172.66416,331400
-43.53373,172.56084,321000
-43.5276,172.64923,327000
-43.51919,172.5393,317701
-43.5098,172.57225,319200
-43.55875,172.6571,330800
-43.52673,172.52733,318700
-43.50031,172.60903,320100
-43.51813,172.64443,325302
-43.531651,172.660002,327902
-43.553091,172.649167,329400
-43.51218,172.6325,323800
-43.543107,172.658756,329600
-43.53923,172.61826,324900
-43.53346,172.6496,327100
-43.536887,172.642791,327100
-43.53712,172.64004,327100
-43.515495,172.614624,323000
-43.53749,172.63725,327100
-43.472287,172.619495,318600
-43.538671,172.641192,327100
-43.539034,172.635256,327100
-43.5383,172.635444,327100
-43.536187,172.635303,326600
-43.537456,172.638764,327100
-43.542868,172.612763,326400
-43.53818,172.64732,327100
-43.497185,172.601108,320100
-43.523598,172.546624,319700
-43.4918,172.61514,320501
-43.537027,172.638506,327100
-43.539201,172.635541,327100
-43.49232,172.59881,319400
-43.53406,172.6417,327000
-43.537523,172.638452,327100
-43.54259,172.63797,328100
-43.535478,172.635128,326600
-43.52998,172.64793,327000
-43.53412,172.64153,327000
-43.54301,172.6382,328100
-43.5556,172.65391,330800
-43.53508,172.63488,326600
-43.536623,172.646727,327100
-43.520054,172.653183,326800
-43.54245,172.61247,326400
-43.47092,172.56966,316700
-43.520314,172.650855,326800
-43.531859,172.649225,327000
-43.53801,172.65852,328900
-43.53592,172.60157,324400
-43.5383,172.64273,327100
-43.537003,172.640507,327100
-43.540118,172.635477,328100
-43.53656,172.64898,327100
-43.53655,172.64746,327100
-43.53875,172.6422,327100
-43.537372,172.640624,327100
-43.51158,172.60973,321400
-43.519411,172.629245,323900
-43.471899,172.64382,318402
-43.50696,172.60934,321400
-43.50574,172.64142,323100
-43.55847,172.67101,331400
-43.50264,172.6296,322100
-43.46923,172.66459,321301
-43.46947,172.57783,317000
-43.48606,172.61688,320501
-43.47749,172.62156,319600
-43.51288,172.6246,323900
-43.48675,172.61604,320501
-43.47138,172.57044,316700
-43.51662,172.58431,320600
-43.5172,172.65905,325900
-43.533304,172.658456,328900
-43.525344,172.629526,325700
-43.53962,172.63417,327100
-43.53155,172.62862,325700
-43.54624,172.62257,327400
-43.53307,172.62848,325700
-43.53137,172.62907,325700
-43.531,172.62977,325700
-43.53,172.63025,325700
-43.53005,172.63042,325700
-43.53146,172.62849,325700
-43.5334,172.62905,325700
-43.50156,172.58867,319900
-43.5315,172.62765,325700
-43.51699,172.61926,323000
-43.46004,172.58813,316800
-43.53335,172.62874,325700
-43.539003,172.635674,327100
-43.537082,172.599271,324400
-43.5378,172.641679,327100
-43.47848,172.60247,317900
-43.518466,172.57073,320700
-43.459517,172.617364,317400
-43.47573,172.52457,316401
-43.47641,172.52401,316700
-43.51194,172.64267,325301
-43.5145,172.638858,324800
-43.4515,172.66354,317201
-43.50174,172.63783,323100
-43.47641,172.524011,316700
-43.48177,172.58516,317800
-43.51231,172.64429,325301
-43.51385,172.64651,325302
-43.505654,172.638988,323800
-43.49834,172.64029,321701
-43.5146,172.64437,325302
-43.515998,172.654003,325900
-43.504049,172.639436,323100
-43.501396,172.651916,323400
-43.451326,172.613429,316900
-43.476948,172.582565,317000
-43.461058,172.62062,317400
-43.53379,172.60212,324400
-43.533452,172.591416,323300
-43.537336,172.609363,325500
-43.533726,172.582037,322700
-43.534797,172.5991,324400
-43.526507,172.606829,323200
-43.57369,172.741713,332400
-43.56991,172.74702,332400
-43.55327,172.6332,328700
-43.553898,172.644285,329700
-43.533793,172.602115,324400
-43.534312,172.602579,324400
-43.54844,172.63988,329400
-43.582343,172.712898,331900
-43.569464,172.761386,332700
-43.56701,172.72138,332000
-43.578652,172.762529,332700
-43.62753,172.73202,332901
-43.6043,172.7228,332501
-43.60255,172.72169,332501
-43.649536,172.836141,333201
-43.82593,172.70513,333100
-43.60428,172.68807,332501
-43.821634,172.707177,333100
-43.809403,172.96208,333500
-43.81019,172.96174,333500
-43.799768,173.000226,333300
-43.779522,173.097001,333201
-43.810112,172.96172,333500
-43.790164,172.945089,333300
-43.75523,172.945409,333300
-43.60421,172.72299,332501
-43.6184,172.65755,332200
-43.809072,172.961896,333500
-43.51932,172.54181,317701
-43.513727,172.561059,319500
-43.52218,172.554472,319700
-43.5002,172.5672,318300
-43.51347,172.63241,323900
-43.504669,172.615136,322200
-43.496425,172.613578,320900
-43.47124,172.617764,318600
-43.5025,172.72951,328300
-43.488884,172.711098,327200
-43.50674,172.59225,320800
-43.51139,172.61993,323000
-43.486565,172.716618,327200
-43.51547,172.57818,320200
-43.52026,172.62211,323000
-43.512677,172.631953,323900
-43.51281,172.58337,320600
-43.51929,172.59158,322400
-43.55985,172.54083,322900
-43.560571,172.557724,324700
-43.549706,172.542005,321901
-43.544013,172.61319,326100
-43.53372,172.54864,319800
-43.51304,172.73323,330200
-43.508863,172.73128,330200
-43.55008,172.54191,321901
-43.584716,172.60687,330000
-43.58236,172.58073,329002
-43.5468,172.61573,326100
-43.5669,172.6108,329500
-43.53582,172.635485,326600
-43.53019,172.64908,327000
-43.526313,172.629945,325700
-43.537471,172.62513,327100
-43.538124,172.648261,327100
-43.529629,172.650212,327000
-43.52658,172.63448,325700
-43.52632,172.63052,325700
-43.53216,172.65073,327901
-43.531855,172.647904,327000
-43.54502,172.62872,328100
-43.53201,172.6526,327901
-43.52778,172.66296,327902
-43.52479,172.63974,325800
-43.53845,172.62569,327100
-43.5341,172.642341,327000
-43.53749,172.63743,327100
-43.53677,172.638594,327100
-43.521839,172.644966,325800
-43.52362,172.63526,325800
-43.52866,172.65322,327901
-43.53347,172.660138,328900
-43.5213,172.64625,325800
-43.518168,172.634347,324800
-43.529565,172.649906,327000
-43.536548,172.638415,327100
-43.535481,172.635398,326600
-43.51778,172.64055,324800
-43.518088,172.644023,325302
-43.529353,172.649909,327000
-43.53447,172.65617,328800
-43.530466,172.649462,327000
-43.52272,172.64308,325800
-43.530557,172.638567,326600
-43.53116,172.64681,327000
-43.57853,172.63334,331300
-43.52863,172.648,327000
-43.53246,172.64915,327100
-43.568677,172.649582,331200
-43.52623,172.64022,325800
-43.51593,172.64524,325302
-43.5716,172.63094,331300
-43.5592,172.64262,330600
-43.576397,172.639017,331300
-43.560279,172.631662,329100
-43.556307,172.626787,329100
-43.542438,172.662391,329600
-43.542227,172.663555,329600
-43.59766,172.71348,332501
-43.498801,172.61987,320900
-43.55062,172.53285,321101
-43.47779,172.58223,317800
-43.53175,172.52803,319300
-43.56683,172.5591,325400
-43.5169,172.57838,320200
-43.60331,172.722229,332501
-43.530886,172.653759,327901
-43.541754,172.611867,326400
-43.53243,172.59164,323300
-43.54954,172.62363,327600
-43.52512,172.6758,327800
-43.52974,172.57154,321800
-43.52859,172.643906,327000
-43.75818,172.94666,333300
-43.526941,172.668504,328500
-43.50997,172.58582,320600
-43.546422,172.547868,322500
-43.810251,172.970968,333500
-43.53952,172.62106,327100
-43.510033,172.577147,320600
-43.54612,172.62806,327400
-43.520781,172.638385,324800
-43.52897,172.6426,327000
-43.660595,172.809994,333201
-43.55118,172.52986,321102
-43.60801,172.70048,332501
-43.520702,172.522129,316600
-43.577,172.76889,332700
-43.810389,172.963107,333500
-43.529375,172.537357,319800
-43.55322,172.47331,318100
-43.51373,172.65342,325900
-43.57294,172.71834,332000
-43.578689,172.762266,332700
-43.528645,172.515302,319300
-43.596866,172.568812,329001
-43.568207,172.760229,332700
-43.55165,172.74793,331700
-43.580657,172.714177,331900
-43.48726,172.58432,318000
-43.519345,172.587981,320600
-43.573548,172.761376,332700
-43.55779,172.55728,323600
-43.52552,172.67559,328500
-43.48813,172.6179,320501
-43.496264,172.600773,320100
-43.529754,172.519545,319300
-43.50601,172.5682,318300
-43.52067,172.6203,323000
-43.50227,172.62579,322100
-43.58318,172.59959,330000
-43.54659,172.64967,329900
-43.571822,172.581708,327301
-43.553426,172.623674,327600
-43.552689,172.630766,329100
-43.5255,172.63656,325700
-43.541893,172.556592,322300
-43.7603,172.94882,333300
-43.557433,172.71751,332000
-43.543374,172.692129,330400
-43.50722,172.73127,330200
-43.56764,172.75847,332700
-43.47665,172.71592,326000
-43.57565,172.70724,331900
-43.59401,172.56608,329001
-43.73498,172.82845,333100
-43.630121,172.734515,332901
-43.76576,172.78799,333100
-43.58463,172.55836,324502
-43.554034,172.688207,331100
-43.53913,172.67406,330100
-43.574676,172.758701,332700
-43.601737,172.716179,332501
-43.578402,172.704255,331900
-43.568553,172.735954,332400
-43.50553,172.56814,318300
-43.50499,172.567653,318300
-43.60299,172.72141,332501
-43.512561,172.600116,321500
-43.54997,172.53491,321101
-43.504989,172.567629,318300
-43.5012,172.56639,318300
-43.551878,172.552618,322800
-43.56875,172.54166,324300
-43.58378,172.559204,324502
-43.56388,172.73322,332100
-43.48196,172.59494,317900
-43.650577,172.63973,332801
-43.51908,172.58963,320600
-43.538215,172.579971,322700
-43.532333,172.647798,327100
-43.561341,172.648492,330800
-43.541927,172.667133,330100
-43.511925,172.64047,323800
-43.51767,172.64591,325302
-43.52309,172.65245,326800
-43.53236,172.64991,327100
-43.576341,172.63064,331300
-43.529582,172.649978,327000
-43.51547,172.62611,323900
-43.494024,172.664565,324600
-43.51652,172.62521,323900
-43.511062,172.640925,323800
-43.52323,172.65541,326800
-43.573013,172.625658,330300
-43.495892,172.633995,321701
-43.56542,172.656755,330800
-43.527035,172.672961,328500
-43.533236,172.649956,327100
-43.520316,172.637324,324800
-43.52837,172.58993,322400
-43.554334,172.595408,326900
-43.52193,172.65189,326800
-43.53928,172.66732,328900
-43.50827,172.6248,322200
-43.556493,172.668365,331400
-43.50517,172.62742,322200
-43.540411,172.618256,326400
-43.49652,172.63549,321701
-43.53622,172.58402,322700
-43.531577,172.647996,327000
-43.515296,172.643488,325302
-43.52222,172.61959,323000
-43.57096,172.57808,327301
-43.53018,172.64105,327000
-43.525896,172.630767,325700
-43.53883,172.63203,327100
-43.531032,172.640821,327000
-43.52228,172.63563,325800
-43.532486,172.64041,327000
-43.55203,172.645449,329400
-43.530728,172.640585,327000
-43.531199,172.639901,327000
-43.528927,172.642391,327000
-43.532865,172.639254,326600
-43.52988,172.64001,327000
-43.532972,172.64088,327000
-43.53114,172.64105,327000
-43.532549,172.641339,327000
-43.531924,172.640948,327000
-43.530685,172.639458,326600
-43.53179,172.64672,327000
-43.52878,172.631003,325700
-43.530592,172.6405,327000
-43.532357,172.64057,327000
-43.532489,172.640596,327000
-43.528969,172.641933,327000
-43.529386,172.645166,327000
-43.5259,172.64647,327000
-43.530225,172.640942,327000
-43.530632,172.640148,327000
-43.533694,172.630933,325700
-43.55238,172.63721,329700
-43.532519,172.640732,327000
-43.53755,172.64087,327100
-43.53713,172.63872,327100
-43.529348,172.641558,327000
-43.533921,172.641293,327000
-43.53672,172.638343,327100
-43.532751,172.639566,326600
-43.548302,172.621922,327600
-43.530396,172.639707,327000
-43.53912,172.634407,327100
-43.530205,172.643488,327000
-43.53215,172.64746,327100
-43.532317,172.639151,326600
-43.531553,172.639368,326600
-43.532364,172.640837,327000
-43.532222,172.640784,327000
-43.531164,172.638308,326600
-43.53277,172.639851,327000
-43.531746,172.639397,326600
-43.526067,172.641309,325800
-43.52565,172.63589,325700
-43.530744,172.638803,326600
-43.52001,172.64076,324800
-43.54857,172.64683,329900
-43.51856,172.64147,324800
-43.56049,172.63712,330600
-43.531085,172.639912,327000
-43.503512,172.657646,323400
-43.515509,172.637911,324800
-43.51046,172.63799,323800
-43.51366,172.64078,324800
-43.51097,172.637892,323800
-43.53494,172.60457,324400
-43.53592,172.60574,324400
-43.5346,172.58514,322700
-43.55168,172.638343,329700
-43.5825,172.70492,331600
-43.55762,172.6682,331400
-43.565992,172.732613,332100
-43.56451,172.72946,332100
-43.810204,172.967842,333500
-43.810027,172.961681,333500
-43.8127,172.96594,333500
-43.66171,172.76892,333201
-43.49304,172.56933,317501
-43.520219,172.541494,317701
-43.48961,172.59474,319400
-43.505293,172.611251,321400
-43.51381,172.62608,323900
-43.50675,172.58279,319900
-43.49194,172.7136,327200
-43.50629,172.72484,330200
-43.53266,172.53843,319800
-43.522089,172.538945,319800
-43.53151,172.53955,319800
-43.532389,172.519905,319300
-43.56295,172.54443,322900
-43.55084,172.55569,322500
-43.561224,172.544312,322900
-43.556964,172.551079,323600
-43.58152,172.5497,324502
-43.601991,172.574757,329001
-43.55665,172.53991,322900
-43.548062,172.62134,327600
-43.529706,172.638604,326600
-43.523062,172.631954,325800
-43.53138,172.64149,327000
-43.53649,172.638044,327100
-43.539038,172.634388,327100
-43.52497,172.66917,327800
-43.53814,172.63721,327100
-43.530148,172.638796,326600
-43.52855,172.64617,327000
-43.52004,172.62927,323900
-43.53171,172.64863,327000
-43.531186,172.639898,327000
-43.538931,172.628502,327100
-43.5302,172.64159,327000
-43.53249,172.64084,327000
-43.533292,172.648998,327100
-43.530638,172.640582,327000
-43.531728,172.640435,327000
-43.53238,172.64477,327100
-43.53236,172.64072,327000
-43.530981,172.6408,327000
-43.53025,172.64137,327000
-43.522491,172.63564,325800
-43.528023,172.643451,327000
-43.532266,172.64086,327000
-43.526166,172.629162,325700
-43.56693,172.65602,331200
-43.56512,172.6399,330600
-43.52633,172.67897,328500
-43.541122,172.664373,328900
-43.623218,172.652207,332601
-43.46886,172.60667,317600
-43.48728,172.57398,318000
-43.495567,172.654564,323400
-43.50889,172.631073,322100
-43.51509,172.63794,324800
-43.508548,172.633636,323800
-43.51752,172.65963,325900
-43.50251,172.65869,323400
-43.53463,172.60375,324400
-43.5303,172.56385,321000
-43.53444,172.61174,325200
-43.554132,172.644211,329700
-43.557171,172.642588,329700
-43.57375,172.76571,332700
-43.57956,172.77319,332700
-43.570894,172.760102,332700
-43.56412,172.730254,332100
-43.573449,172.747998,332400
-43.808999,172.982954,333300
-43.75876,172.94642,333300
-43.801997,172.97296,333500
-43.60214,172.712871,332501
-43.824098,172.903157,333300
-43.60051,172.7126,332501
-43.805309,172.97267,333500
-43.645279,172.710976,332901
-43.82527,172.705596,333100
-43.523735,172.549821,319700
-43.507835,172.560466,318501
-43.5013,172.57374,319200
-43.50784,172.572698,319200
-43.51765,172.54873,318901
-43.47037,172.62931,318600
-43.50408,172.61452,322200
-43.50291,172.631883,322100
-43.487657,172.61217,320501
-43.49953,172.62287,322100
-43.49888,172.61382,320900
-43.513302,172.619003,323000
-43.508156,172.624866,322200
-43.525296,172.60088,322400
-43.51321,172.6261,323900
-43.48937,172.68197,324001
-43.47332,172.70414,323700
-43.493076,172.72286,327200
-43.553724,172.527244,321102
-43.590187,172.580125,329002
-43.55602,172.55862,324100
-43.541606,172.556426,322300
-43.55569,172.53372,321102
-43.55309,172.62218,327600
-43.5436,172.61226,326100
-43.51717,172.63941,324800
-43.531771,172.663283,327902
-43.52526,172.631606,325700
-43.52189,172.63687,325800
-43.531886,172.64029,327000
-43.532117,172.639573,326600
-43.525881,172.635929,325700
-43.53189,172.64098,327000
-43.53221,172.63885,326600
-43.525857,172.639984,325800
-43.53079,172.63962,326600
-43.531225,172.640726,327000
-43.524263,172.643429,325800
-43.531,172.64128,327000
-43.530958,172.639956,327000
-43.545713,172.625722,327400
-43.51851,172.66102,326800
-43.516119,172.631702,323900
-43.539322,172.620117,327100
-43.520206,172.643386,325302
-43.534486,172.659489,328900
-43.526185,172.63137,325700
-43.527617,172.63875,326600
-43.53064,172.64087,327000
-43.53083,172.64017,327000
-43.531583,172.663538,327902
-43.53275,172.63941,326600
-43.528878,172.643151,327000
-43.53169,172.64044,327000
-43.531842,172.639855,327000
-43.524477,172.628528,325700
-43.531318,172.640435,327000
-43.564529,172.638483,330300
-43.55446,172.65833,330800
-43.56707,172.64747,331200
-43.564546,172.627268,329100
-43.54344,172.66252,329600
-43.538627,172.658603,328900
-43.572655,172.583914,327301
-43.59387,172.56609,329001
-43.5648,172.71963,332000
-43.55978,172.65121,330800
-43.53456,172.60436,324400
-43.63306,172.71579,332601
-43.471831,172.637798,318402
-43.56133,172.72988,332100
-43.58085,172.70617,331900
-43.495146,172.687822,325601
-43.56915,172.73866,332400
-43.41634,172.65559,317201
-43.56922,172.75977,332700
-43.442629,172.634741,317301
-43.511425,172.649259,325301
-43.51057,172.63009,323900
-43.51569,172.62271,323000
-43.512147,172.66713,326500
-43.52783,172.61104,323200
-43.53311,172.68336,329300
-43.53498,172.610823,325200
-43.55997,172.58825,326701
-43.48088,172.671,321302
-43.529433,172.663303,327902
-43.5275,172.648863,327000
-43.546123,172.637006,328100
-43.52459,172.642086,325800
-43.53027,172.64089,327000
-43.530508,172.643726,327000
-43.52219,172.63739,325800
-43.53089,172.63956,326600
-43.533062,172.643278,327100
-43.522113,172.637145,325800
-43.5325,172.63936,326600
-43.521312,172.638522,325800
-43.816021,172.9509,333500
-43.750145,172.93458,333300
-43.574279,172.765747,332700
-43.572569,172.75618,332400
-43.64286,172.74139,332801
-43.62733,172.72495,332901
-43.57952,172.57556,327301
-43.570747,172.757172,332400
-43.57286,172.528,324501
-43.56373,172.56018,325400
-43.50151,172.56684,318300
-43.52493,172.553,319700
-43.517458,172.652566,325900
-43.507862,172.608034,321400
-43.51753,172.65243,325900
-43.51781,172.64275,325302
-43.50665,172.64023,323800
-43.562273,172.610263,327700
-43.519375,172.624261,323000
-43.496351,172.632997,321701
-43.519745,172.59459,322400
-43.49995,172.5708,319200
-43.552989,172.617495,327600
-43.53408,172.61184,325200
-43.533231,172.592978,323300
-43.527971,172.606024,323200
-43.494109,172.631637,321701
-43.549073,172.622423,327600
-43.53857,172.63466,327100
-43.52797,172.64982,327000
-43.53068,172.64784,327000
-43.54852,172.64317,329400
-43.522585,172.655881,326800
-43.53024,172.64183,327000
-43.79268,172.96841,333300
-43.808272,172.964139,333400
-43.729398,172.896632,333201
-43.74118,173.0926,333201
-43.57631,172.77501,332700
-43.58271,172.75465,332700
-43.507774,172.732411,363800
-43.51821,172.73073,330200
-43.65497,172.70025,332801
-43.57717,172.54954,324501
-43.53313,172.60895,324200
-43.51366,172.56835,320200
-43.573056,172.585118,327301
-43.58434,172.56594,328001
-43.53495,172.58546,322700
-43.5287,172.610977,323200
-43.522771,172.616817,322600
-43.517801,172.652224,326800
-43.57211,172.578153,327301
-43.551209,172.639409,329700
-43.53386,172.61246,324900
-43.48789,172.61324,320501
-43.50173,172.63362,322100
-43.50276,172.657544,323400
-43.55965,172.63847,330600
-43.54907,172.64038,329400
-43.54418,172.66154,329600
-43.526452,172.631474,325700
-43.53655,172.63842,327100
-43.536074,172.63505,326600
-43.531002,172.639174,326600
-43.53237,172.6408,327000
-43.523309,172.636248,325800
-43.531199,172.640148,327000
-43.523544,172.636391,325800
-43.522077,172.637145,325800
-43.53054,172.64002,327000
-43.53187,172.63928,326600
-43.532112,172.639517,326600
-43.522045,172.636677,325800
-43.530761,172.639101,326600
-43.52211,172.63715,325800
-43.531912,172.639302,326600
-43.532294,172.639073,326600
-43.524713,172.643633,325800
-43.52871,172.64558,327000
-43.53036,172.641086,327000
-43.524864,172.643113,325800
-43.53287,172.64215,327000
-43.531,172.63958,326600
-43.52327,172.6374,325800
-43.531367,172.640436,327000
-43.522189,172.637391,325800
-43.532599,172.648863,327100
-43.530351,172.645942,327000
-43.52962,172.64327,327000
-43.522256,172.637635,325800
-43.53003,172.64596,327000
-43.469002,172.664337,321301
-43.55406,172.69765,331801
-43.52303,172.60494,322600
-43.579758,172.775221,332700
-43.536621,172.60391,324400
-43.528431,172.642926,327000
-43.564689,172.740333,332400
-43.510639,172.641069,323800
-43.63517,172.717847,332901
-43.559,172.62944,329100
-43.528435,172.642923,327000
-43.568491,172.608603,329500
-43.526235,172.63677,325800
-43.513,172.56165,319500
-43.518669,172.619544,323000
-43.55183,172.54083,321901
-43.544236,172.686214,331100
-43.54728,172.689,331100
-43.544457,172.661753,329600
-43.534078,172.641487,327000
-43.53063,172.64266,327000
-43.540352,172.516112,319300
-43.81163,172.96733,333500
-43.809493,172.971899,333500
-43.495666,172.687252,325601
-43.465853,172.617078,317400
-43.5286,172.55174,319800
-43.5441,172.61478,326100
-43.529574,172.643785,327000
-43.50049,172.727774,330200
-43.50593,172.56887,318300
-43.4961,172.55573,317501
-43.54848,172.64277,329400
-43.540882,172.51664,320400
-43.532637,172.682703,329300
-43.50584,172.56732,318300
-43.50455,172.56743,318300
-43.50602,172.56846,318300
-43.531057,172.640239,327000
-43.55811,172.63107,329100
-43.53414,172.59212,323300
-43.53185,172.6431,327000
-43.517734,172.539623,317701
-43.601541,172.711911,332501
-43.502188,172.631681,322100
-43.52006,172.55453,319700
-43.539379,172.516957,319300
-43.5277,172.67134,328500
-43.497694,172.612824,320900
-43.576554,172.624014,330300
-43.747466,172.931607,333300
-43.496587,172.555597,317501
-43.60296,172.72061,332501
-43.517725,172.627686,323900
-43.50361,172.65735,323400
-43.544873,172.67628,330100
-43.55304,172.617372,327600
-43.513592,172.59222,321500
-43.81133,172.96466,333500
-43.528744,172.649963,327000
-43.524623,172.636856,325800
-43.53299,172.64781,327100
-43.53343,172.64513,327100
-43.53122,172.650504,327000
-43.53282,172.65798,327902
-43.555221,172.697663,331801
-43.5668,172.63843,330300
-43.52021,172.65009,325302
-43.56702,172.7451,332400
-43.508543,172.665633,326500
-43.519603,172.613795,322600
-43.52932,172.64918,327000
-43.60709,172.70779,332501
-43.5307,172.63881,326600
-43.547315,172.627227,327400
-43.53379,172.55885,321000
-43.556475,172.643482,329700
-43.452003,172.616937,316900
-43.508737,172.625267,322200
-43.564417,172.732224,332100
-43.578802,172.762787,332700
-43.49758,172.55744,317501
-43.526829,172.640137,325800
-43.528868,172.641683,327000
-43.520189,172.645666,325302
-43.528545,172.657445,327902
-43.549299,172.640498,329400
-43.53102,172.607,324400
-43.53554,172.611928,325200
-43.488753,172.712342,327200
-43.530584,172.639428,326600
-43.533669,172.546698,319800
-43.528895,172.645918,327000
-43.50916,172.72198,330200
-43.524653,172.639163,325800
-43.5226,172.53951,319800
-43.58555,172.61696,330000
-43.519282,172.676459,327800
-43.66201,173.02608,333201
-43.748101,172.934098,333300
-43.57737,172.75107,332400
-43.543439,172.613403,326100
-43.532151,172.651112,327901
-43.5166,172.62432,323000
-43.521704,172.638601,325800
-43.53235,172.63891,326600
-43.527385,172.640981,325800
-43.561387,172.555885,324700
-43.49092,172.613954,320501
-43.532313,172.64149,327000
-43.56136,172.54316,322900
-43.830956,172.815016,333100
-43.52819,172.56038,320700
-43.543176,172.609316,326100
-43.56477,172.54549,322900
-43.50902,172.57775,320600
-43.519314,172.630619,323900
-43.62624,172.72022,332901
-43.54751,172.68236,331100
-43.504422,172.657653,323400
-43.527739,172.55487,321000
-43.58898,172.60925,330000
-43.52532,172.62839,325700
-43.546564,172.6688,330500
-43.538833,172.637889,327100
-43.53032,172.63892,326600
-43.56799,172.64852,331200
-43.51342,172.731162,330200
-43.55922,172.73756,332100
-43.54827,172.67983,331100
-43.54882,172.68041,331100
-43.54827,172.67828,331000
-43.55258,172.47425,318100
-43.52633,172.64021,325800
-43.573319,172.7742,332700
-43.57154,172.63465,331300
-43.79757,172.96629,333300
-43.519774,172.629935,323900
-43.80574,172.98993,333300
-43.51302,172.61852,323000
-43.530907,172.629898,325700
-43.531715,172.594911,323300
-43.53359,172.64995,327100
-43.535561,172.631673,326600
-43.534321,172.638876,326600
-43.602485,172.724582,332501
-43.555584,172.669568,331400
-43.53201,172.64633,327000
-43.5141,172.638602,324800
-43.505198,172.593034,320800
-43.537376,172.6475,327100
-43.53723,172.64032,327100
-43.526255,172.636783,325800
-43.537847,172.648133,327100
-43.531767,172.648796,327000
-43.810458,172.969973,333500
-43.55504,172.68382,331100
-43.63921,172.75372,333201
-43.50727,172.61976,322200
-43.51975,172.65349,326800
-43.521408,172.641423,325800
-43.588888,172.571096,328001
-43.531709,172.640506,327000
-43.630241,172.740865,332901
-43.63024,172.74087,332901
-43.53206,172.65088,327901
-43.533857,172.660542,328900
-43.49855,172.66044,323400
-43.526164,172.66442,328500
-43.49574,172.63187,321701
-43.520796,172.734382,330200
-43.57602,172.7134,331900
-43.516219,172.635815,324800
-43.51153,172.70651,328600
-43.57571,172.75355,332400
-43.524868,172.642884,325800
-43.676077,172.99535,333201
-43.51911,172.622,323000
-43.44916,172.5894,316800
-43.48839,172.592153,317800
-43.786655,172.951082,333300
-43.554306,172.563486,324100
-43.535037,172.585361,322700
-43.60359,172.68892,332501
-43.5156,172.61657,323000
-43.53664,172.64812,327100
-43.575728,172.546133,324501
-43.528491,172.643971,327000
-43.491355,172.614797,320501
-43.535809,172.586831,322700
-43.5253,172.63676,325800
-43.520918,172.638702,325800
-43.522119,172.637831,325800
-43.52218,172.64396,325800
-43.502673,172.55806,318501
-43.534344,172.553815,321000
-43.53793,172.63199,327100
-43.519557,172.631809,323900
-43.5342,172.597636,324400
-43.56254,172.544944,322900
-43.53026,172.64496,327000
-43.53343,172.56709,322000
-43.535564,172.635439,326600
-43.573442,172.639172,331300
-43.53098,172.64359,327000
-43.52688,172.64208,325800
-43.571958,172.696507,331900
-43.56344,172.56952,325400
-43.578117,172.762683,332700
-43.523637,172.629212,325700
-43.55213,172.60727,326900
-43.531811,172.640491,327000
-43.54407,172.52891,321101
-43.524925,172.556321,319700
-43.48117,172.61454,318800
-43.517684,172.640057,324800
-43.530639,172.638992,326600
-43.54749,172.65074,329900
-43.53975,172.6346,327100
-43.48954,172.61408,320501
-43.53032,172.640781,327000
-43.503593,172.65895,323400
-43.56636,172.58179,326701
-43.533304,172.649562,327100
-43.531672,172.648235,327000
-43.57609,172.54636,324501
-43.5741,172.63689,331300
-43.502059,172.570715,319200
-43.564121,172.731241,332100
-43.51509,172.62428,323900
-43.53089,172.641,327000
-43.546791,172.646741,328100
-43.519376,172.63844,324800
-43.52277,172.733434,330200
-43.809942,172.961984,333500
-43.50689,172.723894,330200
-43.53731,172.59259,323300
-43.510059,172.632308,323800
-43.529985,172.628593,325700
-43.545976,172.547859,322500
-43.522284,172.644782,325800
-43.522557,172.644491,325800
-43.533143,172.650263,327100
-43.531882,172.640433,327000
-43.521708,172.638057,325800
-43.522833,172.638583,325800
-43.56173,172.60101,327700
-43.530483,172.639081,326600
-43.47554,172.52518,316401
-43.47541,172.522489,316401
-43.514387,172.646192,325302
-43.50975,172.63819,323800
-43.51521,172.63878,324800
-43.53034,172.61149,325200
-43.534581,172.598981,324400
-43.536306,172.58928,323300
-43.537684,172.589082,323300
-43.547439,172.650609,329900
-43.553069,172.646976,329400
-43.552698,172.650235,329900
-43.57257,172.75618,332400
-43.57687,172.76383,332700
-43.571601,172.718214,332000
-43.575465,172.749587,332400
-43.624915,172.647087,332200
-43.60249,172.721603,332501
-43.811981,172.959442,333500
-43.63073,172.73974,332901
-43.815834,172.960602,333500
-43.78018,172.906,333300
-43.51395,172.5605,319500
-43.51817,172.54182,317701
-43.47169,172.62581,318600
-43.520438,172.624176,323000
-43.49351,172.66344,324600
-43.51853,172.69851,328400
-43.47649,172.67465,321302
-43.49058,172.71362,327200
-43.49494,172.726053,327200
-43.549896,172.748471,331700
-43.4721,172.70434,323700
-43.54756,172.537957,321101
-43.56774,172.55217,324300
-43.58964,172.60805,330000
-43.547002,172.54575,321901
-43.54303,172.61361,326100
-43.553969,172.625508,327600
-43.546366,172.617919,327400
-43.522376,172.63787,325800
-43.538648,172.632342,327100
-43.537685,172.641357,327100
-43.534425,172.638873,326600
-43.526631,172.647022,327000
-43.52243,172.62104,324900
-43.539201,172.634438,327100
-43.538616,172.631375,327100
-43.535409,172.631774,326600
-43.539564,172.634671,327100
-43.538966,172.631599,327100
-43.539614,172.634315,327100
-43.53853,172.63374,327100
-43.535558,172.631673,326600
-43.537077,172.647833,327100
-43.533813,172.649083,327100
-43.530157,172.648488,327000
-43.532198,172.654089,327901
-43.537687,172.641682,327100
-43.535951,172.648549,327100
-43.52127,172.63422,325800
-43.539416,172.634365,327100
-43.537265,172.647769,327100
-43.531678,172.639943,327000
-43.523333,172.642211,325800
-43.5313,172.639938,327000
-43.531278,172.640438,327000
-43.52633,172.63909,325800
-43.53067,172.64557,327000
-43.528508,172.643598,327000
-43.531294,172.643979,327000
-43.528684,172.643907,327000
-43.529025,172.64116,327000
-43.523,172.642094,325800
-43.524295,172.636256,325800
-43.531297,172.639938,327000
-43.531458,172.640436,327000
-43.52225,172.63764,325800
-43.524398,172.63636,325800
-43.5222,172.6379,325800
-43.531294,172.639938,327000
-43.531053,172.640439,327000
-43.524671,172.636401,325700
-43.531886,172.638768,326600
-43.531884,172.640397,327000
-43.53113,172.640437,327000
-43.531055,172.640394,327000
-43.531778,172.640434,327000
-43.531055,172.640344,327000
-43.531429,172.639717,327000
-43.531885,172.640349,327000
-43.522067,172.642143,325800
-43.517851,172.65449,326800
-43.537966,172.638707,327100
-43.540698,172.640314,328100
-43.525231,172.647229,327000
-43.54178,172.65708,329600
-43.541593,172.657439,329600
-43.80856,172.96117,333400
-43.48871,172.57625,318000
-43.452279,172.591818,316800
-43.47693,172.52463,316700
-43.475896,172.521582,316401
-43.47567,172.523812,316401
-43.51544,172.6362,324800
-43.511859,172.639303,323800
-43.5276,172.57071,321800
-43.530175,172.596031,324200
-43.5323,172.59618,324400
-43.528628,172.611778,323200
-43.53624,172.5903,323300
-43.52782,172.5748,321800
-43.53657,172.58937,323300
-43.538107,172.591176,323500
-43.53373,172.60298,324400
-43.579145,172.713563,331900
-43.56013,172.66443,330900
-43.557258,172.720573,332000
-43.57266,172.76201,332700
-43.548391,172.695774,331801
-43.56018,172.73649,332100
-43.573785,172.76254,332700
-43.632938,172.740028,332901
-43.815707,172.95512,333500
-43.49647,172.576183,318300
-43.47284,172.62496,318600
-43.515961,172.623546,323000
-43.505356,172.594967,320800
-43.53187,172.52259,319300
-43.534511,172.558153,321000
-43.547055,172.537755,321101
-43.581431,172.57086,327301
-43.55545,172.54002,321901
-43.568148,172.524494,324501
-43.5736,172.582584,327301
-43.579159,172.560168,326301
-43.593829,172.564834,329001
-43.55411,172.61234,328200
-43.56368,172.58506,326701
-43.51711,172.64086,324800
-43.531581,172.640434,327000
-43.526856,172.639796,325800
-43.52133,172.63236,325800
-43.526943,172.639935,325800
-43.532887,172.642556,327000
-43.524749,172.637348,325800
-43.51881,172.64906,325302
-43.53272,172.66442,327902
-43.51833,172.646362,325302
-43.539036,172.634892,327100
-43.535806,172.632123,326600
-43.53886,172.63371,327100
-43.52569,172.64564,327000
-43.535552,172.631894,326600
-43.539007,172.634088,327100
-43.539241,172.634769,327100
-43.538648,172.632492,327100
-43.533586,172.649948,327100
-43.52489,172.63005,325700
-43.533438,172.649198,327100
-43.533915,172.648505,327100
-43.53164,172.64799,327000
-43.537384,172.647784,327100
-43.538482,172.63141,327100
-43.53343,172.65871,328900
-43.521759,172.650054,325800
-43.52812,172.65684,327901
-43.532288,172.64943,327100
-43.539527,172.635176,327100
-43.532579,172.649853,327100
-43.5233,172.64223,325800
-43.521504,172.63496,325800
-43.532138,172.647676,327100
-43.528886,172.642168,327000
-43.528448,172.646385,327000
-43.539036,172.63486,327100
-43.531034,172.637887,326600
-43.53779,172.641362,327100
-43.524555,172.635593,325700
-43.531515,172.639945,327000
-43.53114,172.638029,326600
-43.524,172.63967,325800
-43.524054,172.641024,325800
-43.531184,172.64044,327000
-43.526982,172.63963,326600
-43.531596,172.639944,327000
-43.526432,172.646736,327000
-43.521139,172.646419,325800
-43.531095,172.647036,327000
-43.521908,172.643198,325800
-43.541927,172.663786,328900
-43.544,172.65762,329600
-43.530518,172.680299,329300
-43.54708,172.68905,331100
-43.52077,172.69256,328400
-43.527113,172.684641,329300
-43.57605,172.54686,324501
-43.51701,172.6891,328400
-43.57236,172.765255,332700
-43.62434,172.72164,332601
-43.529366,172.676211,328500
-43.514516,172.733646,330200
-43.541887,172.675869,330100
-43.529999,172.676101,328500
-43.500576,172.561295,318300
-43.498796,172.560222,317501
-43.499663,172.55906,317501
-43.498833,172.560202,317501
-43.56265,172.58546,326701
-43.557111,172.539732,322900
-43.621173,172.648253,332200
-43.530725,172.523848,319300
-43.52521,172.610016,323200
-43.539753,172.634995,327100
-43.52829,172.64195,327000
-43.531462,172.645981,327000
-43.55018,172.63702,329400
-43.566887,172.627699,329200
-43.52084,172.622088,323000
-43.52135,172.63613,325800
-43.54015,172.63566,328100
-43.54021,172.634889,328100
-43.529631,172.642951,327000
-43.531569,172.647364,327000
-43.55579,172.60621,326900
-43.51689,172.62971,323900
-43.522824,172.631328,325800
-43.531705,172.647054,327000
-43.491989,172.691253,324001
-43.564717,172.712975,332000
-43.49825,172.55981,317501
-43.524627,172.6424,325800
-43.533368,172.645126,327100
-43.539625,172.634362,327100
-43.495749,172.716466,327200
-43.5596,172.73788,332100
-43.58003,172.75517,332700
-43.570141,172.558968,324300
-43.537932,172.635816,327100
-43.524164,172.642354,325800
-43.535558,172.604778,324400
-43.52008,172.641564,324800
-43.524835,172.633924,325700
-43.531317,172.64588,327000
-43.482781,172.590162,317800
-43.519168,172.703648,329800
-43.52941,172.680613,329300
-43.555062,172.683494,331500
-43.52918,172.73721,331700
-43.563711,172.712068,332000
-43.521928,172.7331,330200
-43.56664,172.75931,332700
-43.809838,172.962049,333500
-43.740892,173.094002,333201
-43.492001,172.691248,324001
-43.50947,172.67479,326500
-43.51759,172.66221,326800
-43.519494,172.656572,326800
-43.485871,172.620415,320501
-43.44654,172.61805,316900
-43.52709,172.661951,327902
-43.525222,172.670557,328500
-43.53872,172.62021,327100
-43.54554,172.618786,327400
-43.54419,172.66901,330500
-43.524678,172.607094,323200
-43.499507,172.631861,322100
-43.521041,172.651563,326800
-43.538846,172.620702,327100
-43.522022,172.652351,326800
-43.54489,172.65486,328800
-43.52244,172.65032,325800
-43.53178,172.64851,327000
-43.539444,172.633931,327100
-43.540652,172.634651,328100
-43.5384,172.634366,327100
-43.53878,172.63346,327100
-43.54024,172.63357,328100
-43.54071,172.63371,328100
-43.540022,172.634092,328100
-43.53854,172.63548,327100
-43.527733,172.640111,325800
-43.54015,172.635512,328100
-43.53925,172.63533,327100
-43.533463,172.641179,327000
-43.541684,172.640819,328100
-43.53159,172.64591,327000
-43.531629,172.648807,327000
-43.524128,172.642483,325800
-43.51771,172.55759,"(-43.51771, 172.55759, '319500')"
-43.549649,172.620159,"(-43.549649, 172.620159, '327600')"
-43.534084,172.641739,"(-43.534084, 172.641739, '327000')"
-43.52308,172.54223,"(-43.52308, 172.54223, '319800')"
-43.57263,172.58391,"(-43.57263, 172.58391, '327301')"
-43.57682,172.6193,"(-43.57682, 172.6193, '330300')"
-43.50249,172.65751,"(-43.50249, 172.65751, '323400')"
-43.50351,172.65705,"(-43.50351, 172.65705, '323400')"
-43.526891,172.632777,"(-43.526891, 172.632777, '325700')"
-43.603315,172.722224,"(-43.603315, 172.722224, '332501')"
-43.55087,172.54387,"(-43.55087, 172.54387, '321901')"
-43.519349,172.619837,"(-43.519349, 172.619837, '323000')"
-43.5607,172.72786,"(-43.5607, 172.72786, '332000')"
-43.50398,172.65879,"(-43.50398, 172.65879, '323400')"
-43.49538,172.57282,"(-43.49538, 172.57282, '318300')"
-43.51926,172.62895,"(-43.51926, 172.62895, '323900')"
-43.51729,172.64044,"(-43.51729, 172.64044, '324800')"
-43.53474,172.66424,"(-43.53474, 172.66424, '328900')"
-43.53056,172.63857,"(-43.53056, 172.63857, '326600')"
-43.518564,172.64854,"(-43.518564, 172.64854, '325302')"
-43.5806,172.63584,"(-43.5806, 172.63584, '331300')"
-43.525402,172.647234,"(-43.525402, 172.647234, '327000')"
-43.524806,172.643998,"(-43.524806, 172.643998, '325800')"
-43.603327,172.722233,"(-43.603327, 172.722233, '332501')"
-43.525638,172.735294,"(-43.525638, 172.735294, '331700')"
-43.50347,172.65934,"(-43.50347, 172.65934, '323400')"
-43.51769,172.65613,"(-43.51769, 172.65613, '326800')"
-43.528018,172.646046,"(-43.528018, 172.646046, '327000')"
-43.51563,172.65648,"(-43.51563, 172.65648, '325900')"
-43.531763,172.639902,"(-43.531763, 172.639902, '327000')"
-43.55415,172.6495,"(-43.55415, 172.6495, '330800')"
-43.52089,172.62268,"(-43.52089, 172.62268, '323000')"
-43.51961,172.6467,"(-43.51961, 172.6467, '325302')"
-43.529194,172.643331,"(-43.529194, 172.643331, '327000')"
-43.5021,172.65737,"(-43.5021, 172.65737, '323400')"
-43.55559,172.61417,"(-43.55559, 172.61417, '328200')"
-43.565664,172.645319,"(-43.565664, 172.645319, '330600')"
-43.529969,172.641831,"(-43.529969, 172.641831, '327000')"
-43.55387,172.66285,"(-43.55387, 172.66285, '330900')"
-43.569225,172.635702,"(-43.569225, 172.635702, '331300')"
-43.52144,172.62199,"(-43.52144, 172.62199, '323000')"
-43.539304,172.634377,"(-43.539304, 172.634377, '327100')"
-43.533888,172.657696,"(-43.533888, 172.657696, '328900')"
-43.527351,172.650219,"(-43.527351, 172.650219, '327000')"
-43.50752,172.55772,"(-43.50752, 172.55772, '318501')"
-43.470878,172.698492,"(-43.470878, 172.698492, '323700')"
-43.53051,172.63804,"(-43.53051, 172.63804, '326600')"
-43.556357,172.750492,"(-43.556357, 172.750492, '331700')"
-43.51546,172.65633,"(-43.51546, 172.65633, '325900')"
-43.515401,172.623879,"(-43.515401, 172.623879, '323000')"
-43.526034,172.646718,"(-43.526034, 172.646718, '327000')"
-43.471001,172.570093,"(-43.471001, 172.570093, '316700')"
-43.470493,172.651375,"(-43.470493, 172.651375, '318401')"
-43.51187,172.55377,"(-43.51187, 172.55377, '318901')"
-43.52122,172.64665,"(-43.52122, 172.64665, '325800')"
-43.56287,172.7114,"(-43.56287, 172.7114, '332000')"
-43.556829,172.719026,"(-43.556829, 172.719026, '332000')"
-43.537015,172.63864,"(-43.537015, 172.63864, '327100')"
-43.60332,172.72223,"(-43.60332, 172.72223, '332501')"
-43.56916,172.76075,"(-43.56916, 172.76075, '332700')"
-43.59005,172.55695,"(-43.59005, 172.55695, '324502')"
-43.4962,172.57418,"(-43.4962, 172.57418, '318300')"
-43.531578,172.646304,"(-43.531578, 172.646304, '327000')"
-43.529383,172.644391,"(-43.529383, 172.644391, '327000')"
-43.571022,172.544482,"(-43.571022, 172.544482, '324300')"
-43.563514,172.586944,"(-43.563514, 172.586944, '326701')"
-43.52296,172.638813,"(-43.52296, 172.638813, '325800')"
-43.508709,172.731382,"(-43.508709, 172.731382, '330200')"
-43.55437,172.46389,"(-43.55437, 172.46389, '318100')"
-43.501315,172.635814,"(-43.501315, 172.635814, '323100')"
-43.54666,172.62864,"(-43.54666, 172.62864, '327400')"
-43.54496,172.52825,"(-43.54496, 172.52825, '321101')"
-43.536204,172.640267,"(-43.536204, 172.640267, '326600')"
-43.579602,172.575172,"(-43.579602, 172.575172, '327301')"
-43.545243,172.606425,"(-43.545243, 172.606425, '326100')"
-43.52633,172.640106,"(-43.52633, 172.640106, '325800')"
-43.51476,172.63936,"(-43.51476, 172.63936, '324800')"
-43.530005,172.65168,"(-43.530005, 172.65168, '327901')"
-43.549943,172.650111,"(-43.549943, 172.650111, '329900')"
-43.531441,172.644001,"(-43.531441, 172.644001, '327000')"
-43.56934,172.71723,"(-43.56934, 172.71723, '332000')"
-43.521676,172.634366,"(-43.521676, 172.634366, '325800')"
-43.556492,172.540877,"(-43.556492, 172.540877, '322900')"
-43.49629,172.57218,"(-43.49629, 172.57218, '318300')"
-43.531095,172.649933,"(-43.531095, 172.649933, '327000')"
-43.567997,172.652776,"(-43.567997, 172.652776, '331200')"
-43.539723,172.618738,"(-43.539723, 172.618738, '327100')"
-43.518679,172.625003,"(-43.518679, 172.625003, '323000')"
-43.52502,172.64786,"(-43.52502, 172.64786, '327000')"
-43.531842,172.639876,"(-43.531842, 172.639876, '327000')"
-43.531582,172.640397,"(-43.531582, 172.640397, '327000')"
-43.536707,172.642278,"(-43.536707, 172.642278, '327100')"
-43.52534,172.63602,"(-43.52534, 172.63602, '325700')"
-43.812214,172.961476,"(-43.812214, 172.961476, '333500')"
-43.505975,172.569437,"(-43.505975, 172.569437, '318300')"
-43.573153,172.764805,"(-43.573153, 172.764805, '332700')"
-43.602569,172.721488,"(-43.602569, 172.721488, '332501')"
-43.498904,172.583952,"(-43.498904, 172.583952, '319200')"
-43.602566,172.721482,"(-43.602566, 172.721482, '332501')"
-43.573787,172.722538,"(-43.573787, 172.722538, '332100')"
-43.570485,172.548203,"(-43.570485, 172.548203, '324300')"
-43.56268,172.54811,"(-43.56268, 172.54811, '322900')"
-43.579878,172.631536,"(-43.579878, 172.631536, '330300')"
-43.573815,172.624261,"(-43.573815, 172.624261, '330300')"
-43.58522,172.5755,"(-43.58522, 172.5755, '329002')"
-43.584748,172.604731,"(-43.584748, 172.604731, '330000')"
-43.574214,172.583319,"(-43.574214, 172.583319, '327301')"
-43.49891,172.61355,"(-43.49891, 172.61355, '320900')"
-43.498239,172.650813,"(-43.498239, 172.650813, '323100')"
-43.52223,172.520273,"(-43.52223, 172.520273, '316600')"
-43.581285,172.555297,"(-43.581285, 172.555297, '324502')"
-43.50738,172.625204,"(-43.50738, 172.625204, '322200')"
-43.54477,172.61296,"(-43.54477, 172.61296, '326100')"
-43.56222,172.64312,"(-43.56222, 172.64312, '330600')"
-43.52979,172.6042,"(-43.52979, 172.6042, '324200')"
-43.516667,172.640433,"(-43.516667, 172.640433, '324800')"
-43.51981,172.621858,"(-43.51981, 172.621858, '323000')"
-43.533423,172.649925,"(-43.533423, 172.649925, '327100')"
-43.533256,172.649043,"(-43.533256, 172.649043, '327100')"
-43.528142,172.643432,"(-43.528142, 172.643432, '327000')"
-43.53132,172.64602,"(-43.53132, 172.64602, '327000')"
-43.52861,172.644977,"(-43.52861, 172.644977, '327000')"
-43.521333,172.646116,"(-43.521333, 172.646116, '325800')"
-43.537678,172.625046,"(-43.537678, 172.625046, '327100')"
-43.524034,172.651559,"(-43.524034, 172.651559, '326800')"
-43.54533,172.62822,"(-43.54533, 172.62822, '327400')"
-43.530593,172.638902,"(-43.530593, 172.638902, '326600')"
-43.532057,172.640278,"(-43.532057, 172.640278, '327000')"
-43.530083,172.594332,"(-43.530083, 172.594332, '322400')"
-43.51999,172.642582,"(-43.51999, 172.642582, '324800')"
-43.53253,172.567698,"(-43.53253, 172.567698, '322000')"
-43.51735,172.62689,"(-43.51735, 172.62689, '323900')"
-43.565964,172.60336,"(-43.565964, 172.60336, '327700')"
-43.52982,172.65678,"(-43.52982, 172.65678, '327901')"
-43.47941,172.62308,"(-43.47941, 172.62308, '319600')"
-43.514874,172.646648,"(-43.514874, 172.646648, '325302')"
-43.554956,172.61924,"(-43.554956, 172.61924, '327600')"
-43.508889,172.632628,"(-43.508889, 172.632628, '323800')"
-43.5104,172.640173,"(-43.5104, 172.640173, '323800')"
-43.530652,172.638907,"(-43.530652, 172.638907, '326600')"
-43.542951,172.532373,"(-43.542951, 172.532373, '321101')"
-43.56241,172.61454,"(-43.56241, 172.61454, '328200')"
